runqemu - INFO - Running bitbake -e ...
runqemu - INFO - Continuing with the following parameters:
KERNEL: [/home/tomlocal/colosseum-yocto/build/tmp/deploy/images/qemux86-64/bzImage]
MACHINE: [qemux86-64]
FSTYPE: [ext4]
ROOTFS: [/home/tomlocal/colosseum-yocto/build/tmp/deploy/images/qemux86-64/colosseum-qemu-image-qemux86-64.ext4]
CONFFILE: [/home/tomlocal/colosseum-yocto/build/tmp/deploy/images/qemux86-64/colosseum-qemu-image-qemux86-64.qemuboot.conf]

runqemu - INFO - Network configuration: ip=dhcp
runqemu - INFO - Port forward: hostfwd=tcp::2222-:22
runqemu - INFO - Running /home/tomlocal/colosseum-yocto/build/tmp/work/x86_64-linux/qemu-helper-native/1.0-r1/recipe-sysroot-native/usr/bin/qemu-system-x86_64 -device virtio-net-pci,netdev=net0,mac=52:54:00:12:35:02 -netdev user,id=net0,hostfwd=tcp::2222-:22 -object rng-random,filename=/dev/urandom,id=rng0 -device virtio-rng-pci,rng=rng0 -drive file=/home/tomlocal/colosseum-yocto/build/tmp/deploy/images/qemux86-64/colosseum-qemu-image-qemux86-64.ext4,if=virtio,format=raw -usb -device usb-tablet   -cpu IvyBridge -machine q35 -smp 4 -m 256 -serial mon:stdio -serial null -nographic  -kernel /home/tomlocal/colosseum-yocto/build/tmp/deploy/images/qemux86-64/bzImage -append 'root=/dev/vda rw  ip=dhcp console=ttyS0 console=ttyAMA0 console=ttyAMA1 oprofile.timer=1 tsc=reliable no_timer_check rcupdate.rcu_expedited=1 '

runqemu - INFO - Host uptime: 3662.85

c[?7l[2J[0mSeaBIOS (version rel-1.15.0-0-g2dd4b9b3f840-prebuilt.qemu.org)


iPXE (http://ipxe.org) 00:02.0 CA00 PCI2.10 PnP PMM+0FF8C650+0FEEC650 CA00
Press Ctrl-B to configure iPXE (PCI 00:02.0)...                                                                               


Booting from ROM..c[?7l[2J[    0.000000] Linux version 5.15.201-yocto-standard (oe-user@oe-host) (x86_64-poky-linux-gcc (GCC) 11.5.0, GNU ld (GNU Binutils) 2.38.20220708) #1 SMP PREEMPT Mon Feb 23 04:44:11 UTC 2026
[    0.000000] Command line: root=/dev/vda rw  ip=dhcp console=ttyS0 console=ttyAMA0 console=ttyAMA1 oprofile.timer=1 tsc=reliable no_timer_check rcupdate.rcu_expedited=1 
[    0.000000] BIOS-provided physical RAM map:
[    0.000000] BIOS-e820: [mem 0x0000000000000000-0x000000000009fbff] usable
[    0.000000] BIOS-e820: [mem 0x000000000009fc00-0x000000000009ffff] reserved
[    0.000000] BIOS-e820: [mem 0x00000000000f0000-0x00000000000fffff] reserved
[    0.000000] BIOS-e820: [mem 0x0000000000100000-0x000000000ffd7fff] usable
[    0.000000] BIOS-e820: [mem 0x000000000ffd8000-0x000000000fffffff] reserved
[    0.000000] BIOS-e820: [mem 0x00000000b0000000-0x00000000bfffffff] reserved
[    0.000000] BIOS-e820: [mem 0x00000000fed1c000-0x00000000fed1ffff] reserved
[    0.000000] BIOS-e820: [mem 0x00000000fffc0000-0x00000000ffffffff] reserved
[    0.000000] NX (Execute Disable) protection: active
[    0.000000] SMBIOS 2.8 present.
[    0.000000] DMI: QEMU Standard PC (Q35 + ICH9, 2009), BIOS rel-1.15.0-0-g2dd4b9b3f840-prebuilt.qemu.org 04/01/2014
[    0.000000] tsc: Fast TSC calibration using PIT
[    0.000000] tsc: Detected 3609.542 MHz processor
[    0.006712] last_pfn = 0xffd8 max_arch_pfn = 0x400000000
[    0.007483] x86/PAT: Configuration [0-7]: WB  WC  UC- UC  WB  WP  UC- WT  
[    0.015577] found SMP MP-table at [mem 0x000f5b70-0x000f5b7f]
[    0.021083] ACPI: Early table checksum verification disabled
[    0.021474] ACPI: RSDP 0x00000000000F59A0 000014 (v00 BOCHS )
[    0.021795] ACPI: RSDT 0x000000000FFE2439 000038 (v01 BOCHS  BXPC     00000001 BXPC 00000001)
[    0.022287] ACPI: FACP 0x000000000FFE2219 0000F4 (v03 BOCHS  BXPC     00000001 BXPC 00000001)
[    0.022839] ACPI: DSDT 0x000000000FFE0040 0021D9 (v01 BOCHS  BXPC     00000001 BXPC 00000001)
[    0.022944] ACPI: FACS 0x000000000FFE0000 000040
[    0.023010] ACPI: APIC 0x000000000FFE230D 000090 (v01 BOCHS  BXPC     00000001 BXPC 00000001)
[    0.023039] ACPI: HPET 0x000000000FFE239D 000038 (v01 BOCHS  BXPC     00000001 BXPC 00000001)
[    0.023059] ACPI: MCFG 0x000000000FFE23D5 00003C (v01 BOCHS  BXPC     00000001 BXPC 00000001)
[    0.023076] ACPI: WAET 0x000000000FFE2411 000028 (v01 BOCHS  BXPC     00000001 BXPC 00000001)
[    0.023148] ACPI: Reserving FACP table memory at [mem 0xffe2219-0xffe230c]
[    0.023184] ACPI: Reserving DSDT table memory at [mem 0xffe0040-0xffe2218]
[    0.023194] ACPI: Reserving FACS table memory at [mem 0xffe0000-0xffe003f]
[    0.023202] ACPI: Reserving APIC table memory at [mem 0xffe230d-0xffe239c]
[    0.023208] ACPI: Reserving HPET table memory at [mem 0xffe239d-0xffe23d4]
[    0.023213] ACPI: Reserving MCFG table memory at [mem 0xffe23d5-0xffe2410]
[    0.023218] ACPI: Reserving WAET table memory at [mem 0xffe2411-0xffe2438]
[    0.025924] Zone ranges:
[    0.025958]   DMA      [mem 0x0000000000001000-0x0000000000ffffff]
[    0.026031]   DMA32    [mem 0x0000000001000000-0x000000000ffd7fff]
[    0.026047]   Normal   empty
[    0.026070] Movable zone start for each node
[    0.026100] Early memory node ranges
[    0.026123]   node   0: [mem 0x0000000000001000-0x000000000009efff]
[    0.026234]   node   0: [mem 0x0000000000100000-0x000000000ffd7fff]
[    0.026371] Initmem setup node 0 [mem 0x0000000000001000-0x000000000ffd7fff]
[    0.027668] On node 0, zone DMA: 1 pages in unavailable ranges
[    0.027888] On node 0, zone DMA: 97 pages in unavailable ranges
[    0.029311] On node 0, zone DMA32: 40 pages in unavailable ranges
[    0.029732] ACPI: PM-Timer IO Port: 0x608
[    0.030188] ACPI: LAPIC_NMI (acpi_id[0xff] dfl dfl lint[0x1])
[    0.030530] IOAPIC[0]: apic_id 0, version 32, address 0xfec00000, GSI 0-23
[    0.030656] ACPI: INT_SRC_OVR (bus 0 bus_irq 0 global_irq 2 dfl dfl)
[    0.030909] ACPI: INT_SRC_OVR (bus 0 bus_irq 5 global_irq 5 high level)
[    0.030962] ACPI: INT_SRC_OVR (bus 0 bus_irq 9 global_irq 9 high level)
[    0.031051] ACPI: INT_SRC_OVR (bus 0 bus_irq 10 global_irq 10 high level)
[    0.031063] ACPI: INT_SRC_OVR (bus 0 bus_irq 11 global_irq 11 high level)
[    0.031226] ACPI: Using ACPI (MADT) for SMP configuration information
[    0.031275] ACPI: HPET id: 0x8086a201 base: 0xfed00000
[    0.031645] smpboot: Allowing 4 CPUs, 0 hotplug CPUs
[    0.032338] [mem 0x10000000-0xafffffff] available for PCI devices
[    0.032383] Booting paravirtualized kernel on bare hardware
[    0.032689] clocksource: refined-jiffies: mask: 0xffffffff max_cycles: 0xffffffff, max_idle_ns: 1910969940391419 ns
[    0.033050] setup_percpu: NR_CPUS:64 nr_cpumask_bits:64 nr_cpu_ids:4 nr_node_ids:1
[    0.037825] percpu: Embedded 54 pages/cpu s182360 r8192 d30632 u524288
[    0.039984] Built 1 zonelists, mobility grouping on.  Total pages: 64216
[    0.040166] Kernel command line: root=/dev/vda rw  ip=dhcp console=ttyS0 console=ttyAMA0 console=ttyAMA1 oprofile.timer=1 tsc=reliable no_timer_check rcupdate.rcu_expedited=1 
[    0.072910] Dentry cache hash table entries: 32768 (order: 6, 262144 bytes, linear)
[    0.073172] Inode-cache hash table entries: 16384 (order: 5, 131072 bytes, linear)
[    0.078187] mem auto-init: stack:off, heap alloc:off, heap free:off
[    0.083060] Memory: 224520K/261592K available (16395K kernel code, 2131K rwdata, 3648K rodata, 1908K init, 1940K bss, 36812K reserved, 0K cma-reserved)
[    0.085677] SLUB: HWalign=64, Order=0-3, MinObjects=0, CPUs=4, Nodes=1
[    0.086498] Kernel/User page tables isolation: enabled
[    0.089308] ftrace: allocating 45714 entries in 179 pages
[    0.142803] ftrace: allocated 179 pages with 5 groups
[    0.150760] rcu: Preemptible hierarchical RCU implementation.
[    0.150805] rcu: 	RCU restricting CPUs from NR_CPUS=64 to nr_cpu_ids=4.
[    0.150883] 	All grace periods are expedited (rcu_expedited).
[    0.150908] 	Trampoline variant of Tasks RCU enabled.
[    0.150916] 	Rude variant of Tasks RCU enabled.
[    0.150923] 	Tracing variant of Tasks RCU enabled.
[    0.151010] rcu: RCU calculated value of scheduler-enlistment delay is 100 jiffies.
[    0.151040] rcu: Adjusting geometry for rcu_fanout_leaf=16, nr_cpu_ids=4
[    0.173171] NR_IRQS: 4352, nr_irqs: 456, preallocated irqs: 16
[    0.183356] kfence: initialized - using 2097152 bytes for 255 objects at 0x(____ptrval____)-0x(____ptrval____)
[    0.184026] random: crng init done
[    0.187841] Console: colour VGA+ 80x25
[    1.071047] printk: console [ttyS0] enabled
[    1.076265] ACPI: Core revision 20210730
[    1.085443] clocksource: hpet: mask: 0xffffffff max_cycles: 0xffffffff, max_idle_ns: 19112604467 ns
[    1.117651] APIC: Switch to symmetric I/O mode setup
[    1.126063] ..TIMER: vector=0x30 apic1=0 pin1=2 apic2=-1 pin2=-1
[    1.132614] clocksource: tsc-early: mask: 0xffffffffffffffff max_cycles: 0x3407899c8b5, max_idle_ns: 440795390279 ns
[    1.143247] Calibrating delay loop (skipped), value calculated using timer frequency.. 7219.08 BogoMIPS (lpj=3609542)
[    1.147686] Last level iTLB entries: 4KB 0, 2MB 0, 4MB 0
[    1.148101] Last level dTLB entries: 4KB 0, 2MB 0, 4MB 0, 1GB 0
[    1.149332] Spectre V1 : Mitigation: usercopy/swapgs barriers and __user pointer sanitization
[    1.151132] Spectre V2 : Mitigation: Retpolines
[    1.152128] Spectre V2 : Spectre v2 / SpectreRSB: Filling RSB on context switch and VMEXIT
[    1.153242] Speculative Store Bypass: Vulnerable
[    1.155214] MDS: Vulnerable: Clear CPU buffers attempted, no microcode
[    1.156123] MMIO Stale Data: Unknown: No mitigations
[    1.158097] SRBDS: Unknown: Dependent on hypervisor status
[    1.160187] active return thunk: its_return_thunk
[    1.161113] ITS: Mitigation: Aligned branch/return thunks
[    1.164535] x86/fpu: Supporting XSAVE feature 0x001: 'x87 floating point registers'
[    1.167336] x86/fpu: Supporting XSAVE feature 0x002: 'SSE registers'
[    1.169270] x86/fpu: Enabled xstate features 0x3, context size is 576 bytes, using 'standard' format.
[    1.255472] Freeing SMP alternatives memory: 52K
[    1.256313] pid_max: default: 32768 minimum: 301
[    1.262225] LSM: Security Framework initializing
[    1.265114] landlock: Up and running.
[    1.270736] Mount-cache hash table entries: 512 (order: 0, 4096 bytes, linear)
[    1.271155] Mountpoint-cache hash table entries: 512 (order: 0, 4096 bytes, linear)
[    1.402092] smpboot: CPU0: Intel Xeon E3-12xx v2 (Ivy Bridge) (family: 0x6, model: 0x3a, stepping: 0x9)
[    1.410669] Performance Events: unsupported p6 CPU model 58 no PMU driver, software events only.
[    1.411595] signal: max sigframe size: 1520
[    1.413391] rcu: Hierarchical SRCU implementation.
[    1.420387] smp: Bringing up secondary CPUs ...
[    1.425665] x86: Booting SMP configuration:
[    1.426214] .... node  #0, CPUs:      #1 #2 #3
[    1.441161] smp: Brought up 1 node, 4 CPUs
[    1.445546] smpboot: Max logical packages: 1
[    1.447520] smpboot: Total of 4 processors activated (28876.33 BogoMIPS)
[    1.460162] devtmpfs: initialized
[    1.467125] clocksource: jiffies: mask: 0xffffffff max_cycles: 0xffffffff, max_idle_ns: 1911260446275000 ns
[    1.467659] futex hash table entries: 1024 (order: 4, 65536 bytes, linear)
[    1.472355] pinctrl core: initialized pinctrl subsystem
[    1.483763] NET: Registered PF_NETLINK/PF_ROUTE protocol family
[    1.491016] thermal_sys: Registered thermal governor 'step_wise'
[    1.491069] thermal_sys: Registered thermal governor 'user_space'
[    1.494238] cpuidle: using governor menu
[    1.497587] ACPI: bus type PCI registered
[    1.500033] PCI: MMCONFIG for domain 0000 [bus 00-ff] at [mem 0xb0000000-0xbfffffff] (base 0xb0000000)
[    1.502481] PCI: MMCONFIG at [mem 0xb0000000-0xbfffffff] reserved in E820
[    1.505350] PCI: Using configuration type 1 for base access
[    1.509046] mtrr: your CPUs had inconsistent fixed MTRR settings
[    1.509395] mtrr: your CPUs had inconsistent variable MTRR settings
[    1.510092] mtrr: your CPUs had inconsistent MTRRdefType settings
[    1.512097] mtrr: probably your BIOS does not setup all CPUs.
[    1.513108] mtrr: corrected configuration.
[    1.527030] kprobes: kprobe jump-optimization is enabled. All kprobes are optimized if possible.
[    1.567158] raid6: sse2x4   gen()  1136 MB/s
[    1.584069] raid6: sse2x4   xor()   725 MB/s
[    1.601022] raid6: sse2x2   gen()  1311 MB/s
[    1.618917] raid6: sse2x2   xor()   599 MB/s
[    1.636022] raid6: sse2x1   gen()  1066 MB/s
[    1.654019] raid6: sse2x1   xor()   555 MB/s
[    1.656155] raid6: using algorithm sse2x2 gen() 1311 MB/s
[    1.657092] raid6: .... xor() 599 MB/s, rmw enabled
[    1.660223] raid6: using ssse3x2 recovery algorithm
[    1.662290] ACPI: Added _OSI(Module Device)
[    1.662290] ACPI: Added _OSI(Processor Device)
[    1.663092] ACPI: Added _OSI(Processor Aggregator Device)
[    1.665228] ACPI: Added _OSI(Linux-Dell-Video)
[    1.666092] ACPI: Added _OSI(Linux-Lenovo-NV-HDMI-Audio)
[    1.667109] ACPI: Added _OSI(Linux-HPI-Hybrid-Graphics)
[    1.684735] ACPI: 1 ACPI AML tables successfully acquired and loaded
[    1.701410] ACPI: Interpreter enabled
[    1.703597] ACPI: PM: (supports S0 S3 S5)
[    1.704152] ACPI: Using IOAPIC for interrupt routing
[    1.706330] PCI: Using host bridge windows from ACPI; if necessary, use "pci=nocrs" and report a bug
[    1.708312] ACPI: Enabled 2 GPEs in block 00 to 3F
[    1.733956] ACPI: PCI Root Bridge [PCI0] (domain 0000 [bus 00-ff])
[    1.737533] acpi PNP0A08:00: _OSC: OS supports [ExtendedConfig ASPM ClockPM Segments MSI HPX-Type3]
[    1.742294] acpi PNP0A08:00: _OSC: platform does not support [LTR]
[    1.742700] acpi PNP0A08:00: _OSC: OS now controls [PME PCIeCapability]
[    1.747509] PCI host bridge to bus 0000:00
[    1.749263] pci_bus 0000:00: root bus resource [io  0x0000-0x0cf7 window]
[    1.751131] pci_bus 0000:00: root bus resource [io  0x0d00-0xffff window]
[    1.752092] pci_bus 0000:00: root bus resource [mem 0x000a0000-0x000bffff window]
[    1.754092] pci_bus 0000:00: root bus resource [mem 0x10000000-0xafffffff window]
[    1.755092] pci_bus 0000:00: root bus resource [mem 0xc0000000-0xfebfffff window]
[    1.756092] pci_bus 0000:00: root bus resource [mem 0x100000000-0x8ffffffff window]
[    1.757285] pci_bus 0000:00: root bus resource [bus 00-ff]
[    1.759887] pci 0000:00:00.0: [8086:29c0] type 00 class 0x060000
[    1.764828] pci 0000:00:01.0: [1234:1111] type 00 class 0x030000
[    1.765929] pci 0000:00:01.0: reg 0x10: [mem 0xfd000000-0xfdffffff pref]
[    1.770092] pci 0000:00:01.0: reg 0x18: [mem 0xfebd0000-0xfebd0fff]
[    1.774586] pci 0000:00:01.0: reg 0x30: [mem 0xfebc0000-0xfebcffff pref]
[    1.777374] pci 0000:00:01.0: Video device with shadowed ROM at [mem 0x000c0000-0x000dffff]
[    1.779954] pci 0000:00:02.0: [1af4:1000] type 00 class 0x020000
[    1.784105] pci 0000:00:02.0: reg 0x10: [io  0xc0c0-0xc0df]
[    1.787723] pci 0000:00:02.0: reg 0x14: [mem 0xfebd1000-0xfebd1fff]
[    1.791681] pci 0000:00:02.0: reg 0x20: [mem 0xfe000000-0xfe003fff 64bit pref]
[    1.795092] pci 0000:00:02.0: reg 0x30: [mem 0xfeb80000-0xfebbffff pref]
[    1.796757] pci 0000:00:03.0: [1af4:1005] type 00 class 0x00ff00
[    1.797822] pci 0000:00:03.0: reg 0x10: [io  0xc0e0-0xc0ff]
[    1.802491] pci 0000:00:03.0: reg 0x20: [mem 0xfe004000-0xfe007fff 64bit pref]
[    1.806509] pci 0000:00:04.0: [1af4:1001] type 00 class 0x010000
[    1.809092] pci 0000:00:04.0: reg 0x10: [io  0xc000-0xc07f]
[    1.815590] pci 0000:00:04.0: reg 0x14: [mem 0xfebd2000-0xfebd2fff]
[    1.820053] pci 0000:00:04.0: reg 0x20: [mem 0xfe008000-0xfe00bfff 64bit pref]
[    1.824595] pci 0000:00:1d.0: [8086:2934] type 00 class 0x0c0300
[    1.828561] pci 0000:00:1d.0: reg 0x20: [io  0xc100-0xc11f]
[    1.832729] pci 0000:00:1d.1: [8086:2935] type 00 class 0x0c0300
[    1.836339] pci 0000:00:1d.1: reg 0x20: [io  0xc120-0xc13f]
[    1.840475] pci 0000:00:1d.2: [8086:2936] type 00 class 0x0c0300
[    1.843716] pci 0000:00:1d.2: reg 0x20: [io  0xc140-0xc15f]
[    1.846674] pci 0000:00:1d.7: [8086:293a] type 00 class 0x0c0320
[    1.847593] pci 0000:00:1d.7: reg 0x10: [mem 0xfebd3000-0xfebd3fff]
[    1.853237] pci 0000:00:1f.0: [8086:2918] type 00 class 0x060100
[    1.857176] pci 0000:00:1f.0: quirk: [io  0x0600-0x067f] claimed by ICH6 ACPI/GPIO/TCO
[    1.859611] pci 0000:00:1f.2: [8086:2922] type 00 class 0x010601
[    1.864624] pci 0000:00:1f.2: reg 0x20: [io  0xc160-0xc17f]
[    1.866922] pci 0000:00:1f.2: reg 0x24: [mem 0xfebd4000-0xfebd4fff]
[    1.871332] pci 0000:00:1f.3: [8086:2930] type 00 class 0x0c0500
[    1.874743] pci 0000:00:1f.3: reg 0x20: [io  0x0700-0x073f]
[    1.883332] ACPI: PCI: Interrupt link LNKA configured for IRQ 10
[    1.886700] ACPI: PCI: Interrupt link LNKB configured for IRQ 10
[    1.889391] ACPI: PCI: Interrupt link LNKC configured for IRQ 11
[    1.890629] ACPI: PCI: Interrupt link LNKD configured for IRQ 11
[    1.892635] ACPI: PCI: Interrupt link LNKE configured for IRQ 10
[    1.894805] ACPI: PCI: Interrupt link LNKF configured for IRQ 10
[    1.898432] ACPI: PCI: Interrupt link LNKG configured for IRQ 11
[    1.901210] ACPI: PCI: Interrupt link LNKH configured for IRQ 11
[    1.904117] ACPI: PCI: Interrupt link GSIA configured for IRQ 16
[    1.906253] ACPI: PCI: Interrupt link GSIB configured for IRQ 17
[    1.908254] ACPI: PCI: Interrupt link GSIC configured for IRQ 18
[    1.910264] ACPI: PCI: Interrupt link GSID configured for IRQ 19
[    1.913268] ACPI: PCI: Interrupt link GSIE configured for IRQ 20
[    1.915121] ACPI: PCI: Interrupt link GSIF configured for IRQ 21
[    1.916236] ACPI: PCI: Interrupt link GSIG configured for IRQ 22
[    1.919205] ACPI: PCI: Interrupt link GSIH configured for IRQ 23
[    1.926767] pci 0000:00:01.0: vgaarb: setting as boot VGA device
[    1.927092] pci 0000:00:01.0: vgaarb: VGA device added: decodes=io+mem,owns=io+mem,locks=none
[    1.930200] pci 0000:00:01.0: vgaarb: bridge control possible
[    1.930209] vgaarb: loaded
[    1.934590] SCSI subsystem initialized
[    1.936697] ACPI: bus type USB registered
[    1.940142] usbcore: registered new interface driver usbfs
[    1.940423] usbcore: registered new interface driver hub
[    1.942341] usbcore: registered new device driver usb
[    1.944309] pps_core: LinuxPPS API ver. 1 registered
[    1.945141] pps_core: Software ver. 5.3.6 - Copyright 2005-2007 Rodolfo Giometti <giometti@linux.it>
[    1.949141] PTP clock support registered
[    1.959566] Bluetooth: Core ver 2.22
[    1.960295] NET: Registered PF_BLUETOOTH protocol family
[    1.962148] Bluetooth: HCI device and connection manager initialized
[    1.964263] Bluetooth: HCI socket layer initialized
[    1.965228] Bluetooth: L2CAP socket layer initialized
[    1.967203] Bluetooth: SCO socket layer initialized
[    1.970559] PCI: Using ACPI for IRQ routing
[    1.975005] hpet0: at MMIO 0xfed00000, IRQs 2, 8, 0
[    1.975108] hpet0: 3 comparators, 64-bit 100.000000 MHz counter
[    1.981670] clocksource: Switched to clocksource tsc-early
[    2.039589] pnp: PnP ACPI init
[    2.047337] system 00:06: [mem 0xb0000000-0xbfffffff window] has been reserved
[    2.057258] pnp: PnP ACPI: found 7 devices
[    2.086979] clocksource: acpi_pm: mask: 0xffffff max_cycles: 0xffffff, max_idle_ns: 2085701024 ns
[    2.096413] NET: Registered PF_INET protocol family
[    2.102122] IP idents hash table entries: 4096 (order: 3, 32768 bytes, linear)
[    2.116993] tcp_listen_portaddr_hash hash table entries: 256 (order: 0, 4096 bytes, linear)
[    2.125873] Table-perturb hash table entries: 65536 (order: 6, 262144 bytes, linear)
[    2.133604] TCP established hash table entries: 2048 (order: 2, 16384 bytes, linear)
[    2.144764] TCP bind hash table entries: 2048 (order: 3, 32768 bytes, linear)
[    2.164993] TCP: Hash tables configured (established 2048 bind 2048)
[    2.173108] UDP hash table entries: 256 (order: 1, 8192 bytes, linear)
[    2.179906] UDP-Lite hash table entries: 256 (order: 1, 8192 bytes, linear)
[    2.187777] NET: Registered PF_UNIX/PF_LOCAL protocol family
[    2.197024] RPC: Registered named UNIX socket transport module.
[    2.203016] RPC: Registered udp transport module.
[    2.207954] RPC: Registered tcp transport module.
[    2.213017] RPC: Registered tcp NFSv4.1 backchannel transport module.
[    2.219922] pci_bus 0000:00: resource 4 [io  0x0000-0x0cf7 window]
[    2.226212] pci_bus 0000:00: resource 5 [io  0x0d00-0xffff window]
[    2.232072] pci_bus 0000:00: resource 6 [mem 0x000a0000-0x000bffff window]
[    2.238759] pci_bus 0000:00: resource 7 [mem 0x10000000-0xafffffff window]
[    2.245289] pci_bus 0000:00: resource 8 [mem 0xc0000000-0xfebfffff window]
[    2.252330] pci_bus 0000:00: resource 9 [mem 0x100000000-0x8ffffffff window]
[    2.263802] ACPI: \_SB_.GSIA: Enabled at IRQ 16
[    2.273648] pci 0000:00:1d.0: quirk_usb_early_handoff+0x0/0x6f0 took 13621 usecs
[    2.282169] ACPI: \_SB_.GSIB: Enabled at IRQ 17
[    2.289839] ACPI: \_SB_.GSIC: Enabled at IRQ 18
[    2.297498] ACPI: \_SB_.GSID: Enabled at IRQ 19
[    2.304701] PCI: CLS 0 bytes, default 64
[    2.310271] RAPL PMU: API unit is 2^-32 Joules, 0 fixed counters, 10737418240 ms ovfl timer
[    2.327439] Initialise system trusted keyrings
[    2.335894] workingset: timestamp_bits=46 max_order=16 bucket_order=0
[    2.361181] NFS: Registering the id_resolver key type
[    2.367988] Key type id_resolver registered
[    2.372307] Key type id_legacy registered
[    2.396954] Key type cifs.idmap registered
[    2.419924] xor: measuring software checksum speed
[    2.444052]    prefetch64-sse  :  2872 MB/sec
[    2.449372]    generic_sse     :  3069 MB/sec
[    2.454184] xor: using function: generic_sse (3069 MB/sec)
[    2.460383] Key type asymmetric registered
[    2.464907] Asymmetric key parser 'x509' registered
[    2.500153] Block layer SCSI generic (bsg) driver version 0.4 loaded (major 250)
[    2.526815] io scheduler mq-deadline registered
[    2.533337] io scheduler kyber registered
[    2.542424] input: Power Button as /devices/LNXSYSTM:00/LNXPWRBN:00/input/input0
[    2.556442] ACPI: button: Power Button [PWRF]
[    2.566073] ACPI: \_SB_.GSIG: Enabled at IRQ 22
[    2.576027] ACPI: \_SB_.GSIH: Enabled at IRQ 23
[    2.582583] ACPI: \_SB_.GSIE: Enabled at IRQ 20
[    2.588934] Serial: 8250/16550 driver, 4 ports, IRQ sharing disabled
[    2.597794] 00:03: ttyS1 at I/O 0x2f8 (irq = 3, base_baud = 115200) is a 16550A
[    2.605874] 00:04: ttyS0 at I/O 0x3f8 (irq = 4, base_baud = 115200) is a 16550A
[    2.621023] Linux agpgart interface v0.103
[    2.633721] bochs-drm 0000:00:01.0: vgaarb: deactivate vga console
[    2.643722] Console: switching to colour dummy device 80x25
[    2.653825] [drm] Found bochs VGA, ID 0xb0c5.
[    2.660677] [drm] Framebuffer size 16384 kB @ 0xfd000000, mmio @ 0xfebd0000.
[    2.672799] [drm] Found EDID data blob.
[    2.682256] [drm] Initialized bochs-drm 1.0.0 20130925 for 0000:00:01.0 on minor 0
[    2.709417] fbcon: bochs-drmdrmfb (fb0) is primary device
[    2.734972] Console: switching to colour frame buffer device 128x48
[    2.756587] bochs-drm 0000:00:01.0: [drm] fb0: bochs-drmdrmfb frame buffer device
[    2.798035] brd: module loaded
[    2.816316] loop: module loaded
[    2.827502] virtio_blk virtio2: [vda] 257972 512-byte logical blocks (132 MB/126 MiB)
[    2.849857] ahci 0000:00:1f.2: AHCI 0001.0000 32 slots 6 ports 1.5 Gbps 0x3f impl SATA mode
[    2.857768] ahci 0000:00:1f.2: flags: 64bit ncq only 
[    2.876261] scsi host0: ahci
[    2.882036] scsi host1: ahci
[    2.885667] scsi host2: ahci
[    2.889899] scsi host3: ahci
[    2.894656] scsi host4: ahci
[    2.898167] scsi host5: ahci
[    2.902000] ata1: SATA max UDMA/133 abar m4096@0xfebd4000 port 0xfebd4100 irq 29
[    2.909711] ata2: SATA max UDMA/133 abar m4096@0xfebd4000 port 0xfebd4180 irq 29
[    2.916212] ata3: SATA max UDMA/133 abar m4096@0xfebd4000 port 0xfebd4200 irq 29
[    2.923961] ata4: SATA max UDMA/133 abar m4096@0xfebd4000 port 0xfebd4280 irq 29
[    2.931582] ata5: SATA max UDMA/133 abar m4096@0xfebd4000 port 0xfebd4300 irq 29
[    2.932465] ata6: SATA max UDMA/133 abar m4096@0xfebd4000 port 0xfebd4380 irq 29
[    2.951917] e100: Intel(R) PRO/100 Network Driver
[    2.957267] e100: Copyright(c) 1999-2006 Intel Corporation
[    2.962618] e1000: Intel(R) PRO/1000 Network Driver
[    2.966558] e1000: Copyright (c) 1999-2006 Intel Corporation.
[    2.971931] e1000e: Intel(R) PRO/1000 Network Driver
[    2.976832] e1000e: Copyright(c) 1999 - 2015 Intel Corporation.
[    2.983023] igb: Intel(R) Gigabit Ethernet Network Driver
[    2.987776] igb: Copyright (c) 2007-2014 Intel Corporation.
[    2.992398] ehci_hcd: USB 2.0 'Enhanced' Host Controller (EHCI) Driver
[    2.998242] ehci-pci: EHCI PCI platform driver
[    3.005662] ehci-pci 0000:00:1d.7: EHCI Host Controller
[    3.010146] ehci-pci 0000:00:1d.7: new USB bus registered, assigned bus number 1
[    3.019289] ehci-pci 0000:00:1d.7: irq 19, io mem 0xfebd3000
[    3.031829] ehci-pci 0000:00:1d.7: USB 2.0 started, EHCI 1.00
[    3.043788] hub 1-0:1.0: USB hub found
[    3.047635] hub 1-0:1.0: 6 ports detected
[    3.055295] ohci_hcd: USB 1.1 'Open' Host Controller (OHCI) Driver
[    3.063583] ohci-pci: OHCI PCI platform driver
[    3.068697] uhci_hcd: USB Universal Host Controller Interface driver
[    3.076931] uhci_hcd 0000:00:1d.0: UHCI Host Controller
[    3.107637] uhci_hcd 0000:00:1d.0: new USB bus registered, assigned bus number 2
[    3.115226] uhci_hcd 0000:00:1d.0: irq 16, io base 0x0000c100
[    3.122158] hub 2-0:1.0: USB hub found
[    3.126668] hub 2-0:1.0: 2 ports detected
[    3.134269] uhci_hcd 0000:00:1d.1: UHCI Host Controller
[    3.140745] uhci_hcd 0000:00:1d.1: new USB bus registered, assigned bus number 3
[    3.148031] uhci_hcd 0000:00:1d.1: irq 17, io base 0x0000c120
[    3.155092] hub 3-0:1.0: USB hub found
[    3.159222] hub 3-0:1.0: 2 ports detected
[    3.166152] uhci_hcd 0000:00:1d.2: UHCI Host Controller
[    3.172301] uhci_hcd 0000:00:1d.2: new USB bus registered, assigned bus number 4
[    3.179691] uhci_hcd 0000:00:1d.2: irq 18, io base 0x0000c140
[    3.186539] hub 4-0:1.0: USB hub found
[    3.190370] hub 4-0:1.0: 2 ports detected
[    3.196435] usbcore: registered new interface driver usb-storage
[    3.204173] usbcore: registered new interface driver usbserial_generic
[    3.210533] usbserial: USB Serial support registered for generic
[    3.216491] usbcore: registered new interface driver ftdi_sio
[    3.222579] usbserial: USB Serial support registered for FTDI USB Serial Device
[    3.229753] usbcore: registered new interface driver pl2303
[    3.235250] usbserial: USB Serial support registered for pl2303
[    3.242257] i8042: PNP: PS/2 Controller [PNP0303:KBD,PNP0f13:MOU] at 0x60,0x64 irq 1,12
[    3.253117] serio: i8042 KBD port at 0x60,0x64 irq 1
[    3.259426] serio: i8042 AUX port at 0x60,0x64 irq 12
[    3.265333] ata4: SATA link down (SStatus 0 SControl 300)
[    3.271386] mousedev: PS/2 mouse device common for all mice
[    3.277336] ata3: SATA link up 1.5 Gbps (SStatus 113 SControl 300)
[    3.285560] ata2: SATA link down (SStatus 0 SControl 300)
[    3.290961] input: AT Translated Set 2 keyboard as /devices/platform/i8042/serio0/input/input1
[    3.292578] ata3.00: ATAPI: QEMU DVD-ROM, 2.5+, max UDMA/100
[    3.300857] rtc_cmos 00:05: RTC can wake from S4
[    3.306216] ata3.00: applying bridge limits
[    3.315029] usb 1-1: new high-speed USB device number 2 using ehci-pci
[    3.322826] ata1: SATA link down (SStatus 0 SControl 300)
[    3.330451] ata6: SATA link down (SStatus 0 SControl 300)
[    3.349999] tsc: Refined TSC clocksource calibration: 3609.508 MHz
[    3.367056] ata5: SATA link down (SStatus 0 SControl 300)
[    3.367378] clocksource: tsc: mask: 0xffffffffffffffff max_cycles: 0x3407693a3e1, max_idle_ns: 440795359559 ns
[    3.388193] clocksource: Switched to clocksource tsc
[    3.388840] rtc_cmos 00:05: registered as rtc0
[    3.395676] ata3.00: configured for UDMA/100
[    3.447927] rtc_cmos 00:05: setting system clock to 2026-05-31T23:10:05 UTC (1780269005)
[    3.528783] rtc_cmos 00:05: alarms up to one day, y3k, 242 bytes nvram, hpet irqs
[    3.541910] scsi 2:0:0:0: CD-ROM            QEMU     QEMU DVD-ROM     2.5+ PQ: 0 ANSI: 5
[    3.553751] i801_smbus 0000:00:1f.3: SMBus using PCI interrupt
[    3.577011] i2c i2c-0: 1/1 memory slots populated (from DMI)
[    3.585084] i2c i2c-0: Memory type 0x07 not supported yet, not instantiating SPD
[    3.598996] device-mapper: ioctl: 4.45.0-ioctl (2021-03-22) initialised: dm-devel@redhat.com
[    3.611610] intel_pstate: CPU model not supported
[    3.618291] sdhci: Secure Digital Host Controller Interface driver
[    3.626943] sdhci: Copyright(c) Pierre Ossman
[    3.632891] sdhci-pltfm: SDHCI platform and OF driver helper
[    3.632912] sr 2:0:0:0: [sr0] scsi3-mmc drive: 4x/4x cd/rw xa/form2 tray
[    3.650590] cdrom: Uniform CD-ROM driver Revision: 3.20
[    3.669423] input: QEMU QEMU USB Tablet as /devices/pci0000:00/0000:00:1d.7/usb1/1-1/1-1:1.0/0003:0627:0001.0001/input/input4
[    3.688766] hid-generic 0003:0627:0001.0001: input: USB HID v0.01 Mouse [QEMU QEMU USB Tablet] on usb-0000:00:1d.7-1/input0
[    3.704583] usbcore: registered new interface driver usbhid
[    3.712356] usbhid: USB HID core driver
[    3.718394] u32 classifier
[    3.721841]     input device check on
[    3.722807]     Actions configured
[    3.733107] NET: Registered PF_INET6 protocol family
[    3.747069] Segment Routing with IPv6
[    3.751408] In-situ OAM (IOAM) with IPv6
[    3.755857] sit: IPv6, IPv4 and MPLS over IPv4 tunneling driver
[    3.764968] NET: Registered PF_PACKET protocol family
[    3.772636] Bridge firewalling registered
[    3.787168] Key type dns_resolver registered
[    3.798327] NET: Registered PF_VSOCK protocol family
[    3.808136] IPI shorthand broadcast: enabled
[    3.817157] sched_clock: Marking stable (2862271926, 954421981)->(4872072913, -1055379006)
[    3.829068] Loading compiled-in X.509 certificates
[    3.836130] Key type .fscrypt registered
[    3.841268] Key type fscrypt-provisioning registered
[    3.850807] Btrfs loaded, crc32c=crc32c-generic, zoned=no, fsverity=no
[    3.872406] Key type encrypted registered
[    3.881833] printk: console [netcon0] enabled
[    3.889748] netconsole: network logging started
[    4.009208] input: ImExPS/2 Generic Explorer Mouse as /devices/platform/i8042/serio1/input/input3
[    4.045579] Sending DHCP requests ., OK
[    4.055803] IP-Config: Got DHCP answer from 10.0.2.2, my address is 10.0.2.15
[    4.062263] IP-Config: Complete:
[    4.065112]      device=eth0, hwaddr=52:54:00:12:35:02, ipaddr=10.0.2.15, mask=255.255.255.0, gw=10.0.2.2
[    4.073269]      host=10.0.2.15, domain=, nis-domain=(none)
[    4.078558]      bootserver=10.0.2.2, rootserver=10.0.2.2, rootpath=
[    4.078614]      nameserver0=10.0.2.3
[    4.093009] clk: Disabling unused clocks
[    4.102052] md: Waiting for all devices to be available before autodetect
[    4.108419] md: If you don't use raid, use raid=noautodetect
[    4.113749] md: Autodetecting RAID arrays.
[    4.117108] md: autorun ...
[    4.120991] md: ... autorun DONE.
[    4.182051] EXT4-fs (vda): recovery complete
[    4.191011] EXT4-fs (vda): mounted filesystem with ordered data mode. Opts: (null). Quota mode: disabled.
[    4.201713] VFS: Mounted root (ext4 filesystem) on device 253:0.
[    4.208835] devtmpfs: mounted
[    4.391082] Freeing unused kernel image (initmem) memory: 1908K
[    4.482631] Write protecting the kernel read-only data: 22528k
[    4.500536] Freeing unused kernel image (text/rodata gap) memory: 2036K
[    4.520549] Freeing unused kernel image (rodata/data gap) memory: 448K
[    4.541966] Run /sbin/init as init process
INIT: version 3.01 booting
Starting udev
[    5.696111] udevd[159]: starting version 3.2.10
[    5.788161] udevd[160]: starting eudev-3.2.10
[    6.462725] EXT4-fs (vda): re-mounted. Opts: (null). Quota mode: disabled.
INIT: Entering runlevel: 5
Configuring network interfaces... ip: RTNETLINK answers: File exists
Starting OpenBSD Secure Shell server: sshd
done.
Starting syslogd/klogd: done

Poky (Yocto Project Reference Distro) 4.0.35 qemux86-64 /dev/ttyS0

qemux86-64 login: runqemu - INFO - Cleaning up
runqemu - INFO - Host uptime: 3675.51

[?7hrunqemu - INFO - Running bitbake -e ...
runqemu - INFO - Continuing with the following parameters:
KERNEL: [/home/tomlocal/colosseum-yocto/build/tmp/deploy/images/qemux86-64/bzImage]
MACHINE: [qemux86-64]
FSTYPE: [ext4]
ROOTFS: [/home/tomlocal/colosseum-yocto/build/tmp/deploy/images/qemux86-64/colosseum-qemu-image-qemux86-64.ext4]
CONFFILE: [/home/tomlocal/colosseum-yocto/build/tmp/deploy/images/qemux86-64/colosseum-qemu-image-qemux86-64.qemuboot.conf]

runqemu - INFO - Network configuration: ip=dhcp
runqemu - INFO - Port forward: hostfwd=tcp::2222-:22
runqemu - INFO - Running /home/tomlocal/colosseum-yocto/build/tmp/work/x86_64-linux/qemu-helper-native/1.0-r1/recipe-sysroot-native/usr/bin/qemu-system-x86_64 -device virtio-net-pci,netdev=net0,mac=52:54:00:12:35:02 -netdev user,id=net0,hostfwd=tcp::2222-:22 -object rng-random,filename=/dev/urandom,id=rng0 -device virtio-rng-pci,rng=rng0 -drive file=/home/tomlocal/colosseum-yocto/build/tmp/deploy/images/qemux86-64/colosseum-qemu-image-qemux86-64.ext4,if=virtio,format=raw -usb -device usb-tablet   -cpu IvyBridge -machine q35 -smp 4 -m 256 -serial mon:stdio -serial null -nographic  -kernel /home/tomlocal/colosseum-yocto/build/tmp/deploy/images/qemux86-64/bzImage -append 'root=/dev/vda rw  ip=dhcp console=ttyS0 console=ttyAMA0 console=ttyAMA1 oprofile.timer=1 tsc=reliable no_timer_check rcupdate.rcu_expedited=1 '

runqemu - INFO - Host uptime: 3697.53

c[?7l[2J[0mSeaBIOS (version rel-1.15.0-0-g2dd4b9b3f840-prebuilt.qemu.org)


iPXE (http://ipxe.org) 00:02.0 CA00 PCI2.10 PnP PMM+0FF8C650+0FEEC650 CA00
Press Ctrl-B to configure iPXE (PCI 00:02.0)...                                                                               


Booting from ROM..c[?7l[2J[    0.000000] Linux version 5.15.201-yocto-standard (oe-user@oe-host) (x86_64-poky-linux-gcc (GCC) 11.5.0, GNU ld (GNU Binutils) 2.38.20220708) #1 SMP PREEMPT Mon Feb 23 04:44:11 UTC 2026
[    0.000000] Command line: root=/dev/vda rw  ip=dhcp console=ttyS0 console=ttyAMA0 console=ttyAMA1 oprofile.timer=1 tsc=reliable no_timer_check rcupdate.rcu_expedited=1 
[    0.000000] BIOS-provided physical RAM map:
[    0.000000] BIOS-e820: [mem 0x0000000000000000-0x000000000009fbff] usable
[    0.000000] BIOS-e820: [mem 0x000000000009fc00-0x000000000009ffff] reserved
[    0.000000] BIOS-e820: [mem 0x00000000000f0000-0x00000000000fffff] reserved
[    0.000000] BIOS-e820: [mem 0x0000000000100000-0x000000000ffd7fff] usable
[    0.000000] BIOS-e820: [mem 0x000000000ffd8000-0x000000000fffffff] reserved
[    0.000000] BIOS-e820: [mem 0x00000000b0000000-0x00000000bfffffff] reserved
[    0.000000] BIOS-e820: [mem 0x00000000fed1c000-0x00000000fed1ffff] reserved
[    0.000000] BIOS-e820: [mem 0x00000000fffc0000-0x00000000ffffffff] reserved
[    0.000000] NX (Execute Disable) protection: active
[    0.000000] SMBIOS 2.8 present.
[    0.000000] DMI: QEMU Standard PC (Q35 + ICH9, 2009), BIOS rel-1.15.0-0-g2dd4b9b3f840-prebuilt.qemu.org 04/01/2014
[    0.000000] tsc: Fast TSC calibration using PIT
[    0.000000] tsc: Detected 3609.515 MHz processor
[    0.007044] last_pfn = 0xffd8 max_arch_pfn = 0x400000000
[    0.007864] x86/PAT: Configuration [0-7]: WB  WC  UC- UC  WB  WP  UC- WT  
[    0.015703] found SMP MP-table at [mem 0x000f5b70-0x000f5b7f]
[    0.021293] ACPI: Early table checksum verification disabled
[    0.021715] ACPI: RSDP 0x00000000000F59A0 000014 (v00 BOCHS )
[    0.022060] ACPI: RSDT 0x000000000FFE2439 000038 (v01 BOCHS  BXPC     00000001 BXPC 00000001)
[    0.022621] ACPI: FACP 0x000000000FFE2219 0000F4 (v03 BOCHS  BXPC     00000001 BXPC 00000001)
[    0.023214] ACPI: DSDT 0x000000000FFE0040 0021D9 (v01 BOCHS  BXPC     00000001 BXPC 00000001)
[    0.023305] ACPI: FACS 0x000000000FFE0000 000040
[    0.023366] ACPI: APIC 0x000000000FFE230D 000090 (v01 BOCHS  BXPC     00000001 BXPC 00000001)
[    0.023394] ACPI: HPET 0x000000000FFE239D 000038 (v01 BOCHS  BXPC     00000001 BXPC 00000001)
[    0.023416] ACPI: MCFG 0x000000000FFE23D5 00003C (v01 BOCHS  BXPC     00000001 BXPC 00000001)
[    0.023433] ACPI: WAET 0x000000000FFE2411 000028 (v01 BOCHS  BXPC     00000001 BXPC 00000001)
[    0.023512] ACPI: Reserving FACP table memory at [mem 0xffe2219-0xffe230c]
[    0.023550] ACPI: Reserving DSDT table memory at [mem 0xffe0040-0xffe2218]
[    0.023560] ACPI: Reserving FACS table memory at [mem 0xffe0000-0xffe003f]
[    0.023566] ACPI: Reserving APIC table memory at [mem 0xffe230d-0xffe239c]
[    0.023571] ACPI: Reserving HPET table memory at [mem 0xffe239d-0xffe23d4]
[    0.023576] ACPI: Reserving MCFG table memory at [mem 0xffe23d5-0xffe2410]
[    0.023581] ACPI: Reserving WAET table memory at [mem 0xffe2411-0xffe2438]
[    0.026445] Zone ranges:
[    0.026480]   DMA      [mem 0x0000000000001000-0x0000000000ffffff]
[    0.026559]   DMA32    [mem 0x0000000001000000-0x000000000ffd7fff]
[    0.026578]   Normal   empty
[    0.026600] Movable zone start for each node
[    0.026629] Early memory node ranges
[    0.026653]   node   0: [mem 0x0000000000001000-0x000000000009efff]
[    0.026754]   node   0: [mem 0x0000000000100000-0x000000000ffd7fff]
[    0.026891] Initmem setup node 0 [mem 0x0000000000001000-0x000000000ffd7fff]
[    0.028323] On node 0, zone DMA: 1 pages in unavailable ranges
[    0.028527] On node 0, zone DMA: 97 pages in unavailable ranges
[    0.029876] On node 0, zone DMA32: 40 pages in unavailable ranges
[    0.030277] ACPI: PM-Timer IO Port: 0x608
[    0.030778] ACPI: LAPIC_NMI (acpi_id[0xff] dfl dfl lint[0x1])
[    0.031117] IOAPIC[0]: apic_id 0, version 32, address 0xfec00000, GSI 0-23
[    0.031244] ACPI: INT_SRC_OVR (bus 0 bus_irq 0 global_irq 2 dfl dfl)
[    0.031503] ACPI: INT_SRC_OVR (bus 0 bus_irq 5 global_irq 5 high level)
[    0.031547] ACPI: INT_SRC_OVR (bus 0 bus_irq 9 global_irq 9 high level)
[    0.031645] ACPI: INT_SRC_OVR (bus 0 bus_irq 10 global_irq 10 high level)
[    0.031659] ACPI: INT_SRC_OVR (bus 0 bus_irq 11 global_irq 11 high level)
[    0.031825] ACPI: Using ACPI (MADT) for SMP configuration information
[    0.031874] ACPI: HPET id: 0x8086a201 base: 0xfed00000
[    0.032163] smpboot: Allowing 4 CPUs, 0 hotplug CPUs
[    0.032885] [mem 0x10000000-0xafffffff] available for PCI devices
[    0.032927] Booting paravirtualized kernel on bare hardware
[    0.033223] clocksource: refined-jiffies: mask: 0xffffffff max_cycles: 0xffffffff, max_idle_ns: 1910969940391419 ns
[    0.033632] setup_percpu: NR_CPUS:64 nr_cpumask_bits:64 nr_cpu_ids:4 nr_node_ids:1
[    0.038176] percpu: Embedded 54 pages/cpu s182360 r8192 d30632 u524288
[    0.040592] Built 1 zonelists, mobility grouping on.  Total pages: 64216
[    0.040881] Kernel command line: root=/dev/vda rw  ip=dhcp console=ttyS0 console=ttyAMA0 console=ttyAMA1 oprofile.timer=1 tsc=reliable no_timer_check rcupdate.rcu_expedited=1 
[    0.074643] Dentry cache hash table entries: 32768 (order: 6, 262144 bytes, linear)
[    0.074918] Inode-cache hash table entries: 16384 (order: 5, 131072 bytes, linear)
[    0.079782] mem auto-init: stack:off, heap alloc:off, heap free:off
[    0.084631] Memory: 224520K/261592K available (16395K kernel code, 2131K rwdata, 3648K rodata, 1908K init, 1940K bss, 36812K reserved, 0K cma-reserved)
[    0.087414] SLUB: HWalign=64, Order=0-3, MinObjects=0, CPUs=4, Nodes=1
[    0.088272] Kernel/User page tables isolation: enabled
[    0.091256] ftrace: allocating 45714 entries in 179 pages
[    0.144952] ftrace: allocated 179 pages with 5 groups
[    0.152972] rcu: Preemptible hierarchical RCU implementation.
[    0.153021] rcu: 	RCU restricting CPUs from NR_CPUS=64 to nr_cpu_ids=4.
[    0.153182] 	All grace periods are expedited (rcu_expedited).
[    0.153218] 	Trampoline variant of Tasks RCU enabled.
[    0.153227] 	Rude variant of Tasks RCU enabled.
[    0.153236] 	Tracing variant of Tasks RCU enabled.
[    0.153315] rcu: RCU calculated value of scheduler-enlistment delay is 100 jiffies.
[    0.153347] rcu: Adjusting geometry for rcu_fanout_leaf=16, nr_cpu_ids=4
[    0.175865] NR_IRQS: 4352, nr_irqs: 456, preallocated irqs: 16
[    0.186285] kfence: initialized - using 2097152 bytes for 255 objects at 0x(____ptrval____)-0x(____ptrval____)
[    0.186984] random: crng init done
[    0.190587] Console: colour VGA+ 80x25
[    0.799095] printk: console [ttyS0] enabled
[    0.803028] ACPI: Core revision 20210730
[    0.810638] clocksource: hpet: mask: 0xffffffff max_cycles: 0xffffffff, max_idle_ns: 19112604467 ns
[    0.823667] APIC: Switch to symmetric I/O mode setup
[    0.832528] ..TIMER: vector=0x30 apic1=0 pin1=2 apic2=-1 pin2=-1
[    0.844320] clocksource: tsc-early: mask: 0xffffffffffffffff max_cycles: 0x34076fd620c, max_idle_ns: 440795361479 ns
[    0.855830] Calibrating delay loop (skipped), value calculated using timer frequency.. 7219.03 BogoMIPS (lpj=3609515)
[    0.859789] Last level iTLB entries: 4KB 0, 2MB 0, 4MB 0
[    0.860737] Last level dTLB entries: 4KB 0, 2MB 0, 4MB 0, 1GB 0
[    0.862906] Spectre V1 : Mitigation: usercopy/swapgs barriers and __user pointer sanitization
[    0.864912] Spectre V2 : Mitigation: Retpolines
[    0.865720] Spectre V2 : Spectre v2 / SpectreRSB: Filling RSB on context switch and VMEXIT
[    0.867812] Speculative Store Bypass: Vulnerable
[    0.868977] MDS: Vulnerable: Clear CPU buffers attempted, no microcode
[    0.869723] MMIO Stale Data: Unknown: No mitigations
[    0.870775] SRBDS: Unknown: Dependent on hypervisor status
[    0.871804] active return thunk: its_return_thunk
[    0.873705] ITS: Mitigation: Aligned branch/return thunks
[    0.876687] x86/fpu: Supporting XSAVE feature 0x001: 'x87 floating point registers'
[    0.880774] x86/fpu: Supporting XSAVE feature 0x002: 'SSE registers'
[    0.882879] x86/fpu: Enabled xstate features 0x3, context size is 576 bytes, using 'standard' format.
[    0.972542] Freeing SMP alternatives memory: 52K
[    0.973895] pid_max: default: 32768 minimum: 301
[    0.979370] LSM: Security Framework initializing
[    0.981427] landlock: Up and running.
[    0.985892] Mount-cache hash table entries: 512 (order: 0, 4096 bytes, linear)
[    0.986761] Mountpoint-cache hash table entries: 512 (order: 0, 4096 bytes, linear)
[    1.116683] smpboot: CPU0: Intel Xeon E3-12xx v2 (Ivy Bridge) (family: 0x6, model: 0x3a, stepping: 0x9)
[    1.126623] Performance Events: unsupported p6 CPU model 58 no PMU driver, software events only.
[    1.128099] signal: max sigframe size: 1520
[    1.131112] rcu: Hierarchical SRCU implementation.
[    1.137224] smp: Bringing up secondary CPUs ...
[    1.143551] x86: Booting SMP configuration:
[    1.144773] .... node  #0, CPUs:      #1 #2 #3
[    1.160492] smp: Brought up 1 node, 4 CPUs
[    1.163770] smpboot: Max logical packages: 1
[    1.164806] smpboot: Total of 4 processors activated (28876.12 BogoMIPS)
[    1.178728] devtmpfs: initialized
[    1.186616] clocksource: jiffies: mask: 0xffffffff max_cycles: 0xffffffff, max_idle_ns: 1911260446275000 ns
[    1.188199] futex hash table entries: 1024 (order: 4, 65536 bytes, linear)
[    1.191541] pinctrl core: initialized pinctrl subsystem
[    1.201720] NET: Registered PF_NETLINK/PF_ROUTE protocol family
[    1.208177] thermal_sys: Registered thermal governor 'step_wise'
[    1.208220] thermal_sys: Registered thermal governor 'user_space'
[    1.209992] cpuidle: using governor menu
[    1.213090] ACPI: bus type PCI registered
[    1.215071] PCI: MMCONFIG for domain 0000 [bus 00-ff] at [mem 0xb0000000-0xbfffffff] (base 0xb0000000)
[    1.216706] PCI: MMCONFIG at [mem 0xb0000000-0xbfffffff] reserved in E820
[    1.219745] PCI: Using configuration type 1 for base access
[    1.224189] mtrr: your CPUs had inconsistent fixed MTRR settings
[    1.225723] mtrr: your CPUs had inconsistent variable MTRR settings
[    1.226727] mtrr: your CPUs had inconsistent MTRRdefType settings
[    1.227695] mtrr: probably your BIOS does not setup all CPUs.
[    1.227719] mtrr: corrected configuration.
[    1.246560] kprobes: kprobe jump-optimization is enabled. All kprobes are optimized if possible.
[    1.284147] raid6: sse2x4   gen()  1113 MB/s
[    1.302198] raid6: sse2x4   xor()   733 MB/s
[    1.320163] raid6: sse2x2   gen()  1303 MB/s
[    1.337160] raid6: sse2x2   xor()   600 MB/s
[    1.356165] raid6: sse2x1   gen()  1133 MB/s
[    1.373169] raid6: sse2x1   xor()   524 MB/s
[    1.374712] raid6: using algorithm sse2x2 gen() 1303 MB/s
[    1.376730] raid6: .... xor() 600 MB/s, rmw enabled
[    1.378823] raid6: using ssse3x2 recovery algorithm
[    1.382382] ACPI: Added _OSI(Module Device)
[    1.383724] ACPI: Added _OSI(Processor Device)
[    1.383724] ACPI: Added _OSI(Processor Aggregator Device)
[    1.384757] ACPI: Added _OSI(Linux-Dell-Video)
[    1.385691] ACPI: Added _OSI(Linux-Lenovo-NV-HDMI-Audio)
[    1.386683] ACPI: Added _OSI(Linux-HPI-Hybrid-Graphics)
[    1.405844] ACPI: 1 ACPI AML tables successfully acquired and loaded
[    1.424904] ACPI: Interpreter enabled
[    1.427358] ACPI: PM: (supports S0 S3 S5)
[    1.427784] ACPI: Using IOAPIC for interrupt routing
[    1.430731] PCI: Using host bridge windows from ACPI; if necessary, use "pci=nocrs" and report a bug
[    1.433450] ACPI: Enabled 2 GPEs in block 00 to 3F
[    1.457390] ACPI: PCI Root Bridge [PCI0] (domain 0000 [bus 00-ff])
[    1.458210] acpi PNP0A08:00: _OSC: OS supports [ExtendedConfig ASPM ClockPM Segments MSI HPX-Type3]
[    1.462115] acpi PNP0A08:00: _OSC: platform does not support [LTR]
[    1.464229] acpi PNP0A08:00: _OSC: OS now controls [PME PCIeCapability]
[    1.469296] PCI host bridge to bus 0000:00
[    1.469875] pci_bus 0000:00: root bus resource [io  0x0000-0x0cf7 window]
[    1.470752] pci_bus 0000:00: root bus resource [io  0x0d00-0xffff window]
[    1.471727] pci_bus 0000:00: root bus resource [mem 0x000a0000-0x000bffff window]
[    1.472727] pci_bus 0000:00: root bus resource [mem 0x10000000-0xafffffff window]
[    1.474690] pci_bus 0000:00: root bus resource [mem 0xc0000000-0xfebfffff window]
[    1.475683] pci_bus 0000:00: root bus resource [mem 0x100000000-0x8ffffffff window]
[    1.476844] pci_bus 0000:00: root bus resource [bus 00-ff]
[    1.479863] pci 0000:00:00.0: [8086:29c0] type 00 class 0x060000
[    1.485223] pci 0000:00:01.0: [1234:1111] type 00 class 0x030000
[    1.487806] pci 0000:00:01.0: reg 0x10: [mem 0xfd000000-0xfdffffff pref]
[    1.491234] pci 0000:00:01.0: reg 0x18: [mem 0xfebd0000-0xfebd0fff]
[    1.496683] pci 0000:00:01.0: reg 0x30: [mem 0xfebc0000-0xfebcffff pref]
[    1.498068] pci 0000:00:01.0: Video device with shadowed ROM at [mem 0x000c0000-0x000dffff]
[    1.500256] pci 0000:00:02.0: [1af4:1000] type 00 class 0x020000
[    1.501725] pci 0000:00:02.0: reg 0x10: [io  0xc0c0-0xc0df]
[    1.503683] pci 0000:00:02.0: reg 0x14: [mem 0xfebd1000-0xfebd1fff]
[    1.510683] pci 0000:00:02.0: reg 0x20: [mem 0xfe000000-0xfe003fff 64bit pref]
[    1.515245] pci 0000:00:02.0: reg 0x30: [mem 0xfeb80000-0xfebbffff pref]
[    1.518395] pci 0000:00:03.0: [1af4:1005] type 00 class 0x00ff00
[    1.520451] pci 0000:00:03.0: reg 0x10: [io  0xc0e0-0xc0ff]
[    1.524140] pci 0000:00:03.0: reg 0x20: [mem 0xfe004000-0xfe007fff 64bit pref]
[    1.527060] pci 0000:00:04.0: [1af4:1001] type 00 class 0x010000
[    1.529683] pci 0000:00:04.0: reg 0x10: [io  0xc000-0xc07f]
[    1.530683] pci 0000:00:04.0: reg 0x14: [mem 0xfebd2000-0xfebd2fff]
[    1.535336] pci 0000:00:04.0: reg 0x20: [mem 0xfe008000-0xfe00bfff 64bit pref]
[    1.539070] pci 0000:00:1d.0: [8086:2934] type 00 class 0x0c0300
[    1.543270] pci 0000:00:1d.0: reg 0x20: [io  0xc100-0xc11f]
[    1.546558] pci 0000:00:1d.1: [8086:2935] type 00 class 0x0c0300
[    1.550031] pci 0000:00:1d.1: reg 0x20: [io  0xc120-0xc13f]
[    1.553355] pci 0000:00:1d.2: [8086:2936] type 00 class 0x0c0300
[    1.556282] pci 0000:00:1d.2: reg 0x20: [io  0xc140-0xc15f]
[    1.560116] pci 0000:00:1d.7: [8086:293a] type 00 class 0x0c0320
[    1.561714] pci 0000:00:1d.7: reg 0x10: [mem 0xfebd3000-0xfebd3fff]
[    1.566934] pci 0000:00:1f.0: [8086:2918] type 00 class 0x060100
[    1.568814] pci 0000:00:1f.0: quirk: [io  0x0600-0x067f] claimed by ICH6 ACPI/GPIO/TCO
[    1.571133] pci 0000:00:1f.2: [8086:2922] type 00 class 0x010601
[    1.577145] pci 0000:00:1f.2: reg 0x20: [io  0xc160-0xc17f]
[    1.578640] pci 0000:00:1f.2: reg 0x24: [mem 0xfebd4000-0xfebd4fff]
[    1.581777] pci 0000:00:1f.3: [8086:2930] type 00 class 0x0c0500
[    1.585052] pci 0000:00:1f.3: reg 0x20: [io  0x0700-0x073f]
[    1.592829] ACPI: PCI: Interrupt link LNKA configured for IRQ 10
[    1.595031] ACPI: PCI: Interrupt link LNKB configured for IRQ 10
[    1.596260] ACPI: PCI: Interrupt link LNKC configured for IRQ 11
[    1.597100] ACPI: PCI: Interrupt link LNKD configured for IRQ 11
[    1.598174] ACPI: PCI: Interrupt link LNKE configured for IRQ 10
[    1.599165] ACPI: PCI: Interrupt link LNKF configured for IRQ 10
[    1.600156] ACPI: PCI: Interrupt link LNKG configured for IRQ 11
[    1.601838] ACPI: PCI: Interrupt link LNKH configured for IRQ 11
[    1.603806] ACPI: PCI: Interrupt link GSIA configured for IRQ 16
[    1.605765] ACPI: PCI: Interrupt link GSIB configured for IRQ 17
[    1.606817] ACPI: PCI: Interrupt link GSIC configured for IRQ 18
[    1.607807] ACPI: PCI: Interrupt link GSID configured for IRQ 19
[    1.609784] ACPI: PCI: Interrupt link GSIE configured for IRQ 20
[    1.610794] ACPI: PCI: Interrupt link GSIF configured for IRQ 21
[    1.611793] ACPI: PCI: Interrupt link GSIG configured for IRQ 22
[    1.612773] ACPI: PCI: Interrupt link GSIH configured for IRQ 23
[    1.620306] pci 0000:00:01.0: vgaarb: setting as boot VGA device
[    1.620683] pci 0000:00:01.0: vgaarb: VGA device added: decodes=io+mem,owns=io+mem,locks=none
[    1.620782] pci 0000:00:01.0: vgaarb: bridge control possible
[    1.621830] vgaarb: loaded
[    1.623918] SCSI subsystem initialized
[    1.626001] ACPI: bus type USB registered
[    1.627057] usbcore: registered new interface driver usbfs
[    1.627987] usbcore: registered new interface driver hub
[    1.628863] usbcore: registered new device driver usb
[    1.630056] pps_core: LinuxPPS API ver. 1 registered
[    1.630721] pps_core: Software ver. 5.3.6 - Copyright 2005-2007 Rodolfo Giometti <giometti@linux.it>
[    1.631813] PTP clock support registered
[    1.643247] Bluetooth: Core ver 2.22
[    1.643864] NET: Registered PF_BLUETOOTH protocol family
[    1.644727] Bluetooth: HCI device and connection manager initialized
[    1.645852] Bluetooth: HCI socket layer initialized
[    1.647805] Bluetooth: L2CAP socket layer initialized
[    1.649890] Bluetooth: SCO socket layer initialized
[    1.651809] PCI: Using ACPI for IRQ routing
[    1.656185] hpet0: at MMIO 0xfed00000, IRQs 2, 8, 0
[    1.656695] hpet0: 3 comparators, 64-bit 100.000000 MHz counter
[    1.662214] clocksource: Switched to clocksource tsc-early
[    1.722158] pnp: PnP ACPI init
[    1.734988] system 00:06: [mem 0xb0000000-0xbfffffff window] has been reserved
[    1.786614] pnp: PnP ACPI: found 7 devices
[    1.876230] clocksource: acpi_pm: mask: 0xffffff max_cycles: 0xffffff, max_idle_ns: 2085701024 ns
[    1.933433] NET: Registered PF_INET protocol family
[    1.941560] IP idents hash table entries: 4096 (order: 3, 32768 bytes, linear)
[    1.959442] tcp_listen_portaddr_hash hash table entries: 256 (order: 0, 4096 bytes, linear)
[    1.971343] Table-perturb hash table entries: 65536 (order: 6, 262144 bytes, linear)
[    1.983077] TCP established hash table entries: 2048 (order: 2, 16384 bytes, linear)
[    1.994059] TCP bind hash table entries: 2048 (order: 3, 32768 bytes, linear)
[    2.008882] TCP: Hash tables configured (established 2048 bind 2048)
[    2.018603] UDP hash table entries: 256 (order: 1, 8192 bytes, linear)
[    2.027154] UDP-Lite hash table entries: 256 (order: 1, 8192 bytes, linear)
[    2.037973] NET: Registered PF_UNIX/PF_LOCAL protocol family
[    2.048955] RPC: Registered named UNIX socket transport module.
[    2.056802] RPC: Registered udp transport module.
[    2.063445] RPC: Registered tcp transport module.
[    2.069470] RPC: Registered tcp NFSv4.1 backchannel transport module.
[    2.079375] pci_bus 0000:00: resource 4 [io  0x0000-0x0cf7 window]
[    2.087738] pci_bus 0000:00: resource 5 [io  0x0d00-0xffff window]
[    2.095991] pci_bus 0000:00: resource 6 [mem 0x000a0000-0x000bffff window]
[    2.104926] pci_bus 0000:00: resource 7 [mem 0x10000000-0xafffffff window]
[    2.114354] pci_bus 0000:00: resource 8 [mem 0xc0000000-0xfebfffff window]
[    2.123492] pci_bus 0000:00: resource 9 [mem 0x100000000-0x8ffffffff window]
[    2.137270] ACPI: \_SB_.GSIA: Enabled at IRQ 16
[    2.148397] pci 0000:00:1d.0: quirk_usb_early_handoff+0x0/0x6f0 took 14562 usecs
[    2.160353] ACPI: \_SB_.GSIB: Enabled at IRQ 17
[    2.169535] ACPI: \_SB_.GSIC: Enabled at IRQ 18
[    2.178852] ACPI: \_SB_.GSID: Enabled at IRQ 19
[    2.187397] PCI: CLS 0 bytes, default 64
[    2.198463] RAPL PMU: API unit is 2^-32 Joules, 0 fixed counters, 10737418240 ms ovfl timer
[    2.218682] Initialise system trusted keyrings
[    2.229746] workingset: timestamp_bits=46 max_order=16 bucket_order=0
[    2.250011] NFS: Registering the id_resolver key type
[    2.257846] Key type id_resolver registered
[    2.263329] Key type id_legacy registered
[    2.272143] Key type cifs.idmap registered
[    2.293523] xor: measuring software checksum speed
[    2.302023]    prefetch64-sse  :  3035 MB/sec
[    2.308871]    generic_sse     :  3147 MB/sec
[    2.314946] xor: using function: generic_sse (3147 MB/sec)
[    2.322048] Key type asymmetric registered
[    2.327510] Asymmetric key parser 'x509' registered
[    2.334742] Block layer SCSI generic (bsg) driver version 0.4 loaded (major 250)
[    2.345073] io scheduler mq-deadline registered
[    2.351594] io scheduler kyber registered
[    2.360187] input: Power Button as /devices/LNXSYSTM:00/LNXPWRBN:00/input/input0
[    2.375351] ACPI: button: Power Button [PWRF]
[    2.385035] ACPI: \_SB_.GSIG: Enabled at IRQ 22
[    2.398045] ACPI: \_SB_.GSIH: Enabled at IRQ 23
[    2.408917] ACPI: \_SB_.GSIE: Enabled at IRQ 20
[    2.416835] Serial: 8250/16550 driver, 4 ports, IRQ sharing disabled
[    2.427537] 00:03: ttyS1 at I/O 0x2f8 (irq = 3, base_baud = 115200) is a 16550A
[    2.437362] 00:04: ttyS0 at I/O 0x3f8 (irq = 4, base_baud = 115200) is a 16550A
[    2.455452] Linux agpgart interface v0.103
[    2.479026] bochs-drm 0000:00:01.0: vgaarb: deactivate vga console
[    2.486115] Console: switching to colour dummy device 80x25
[    2.493756] [drm] Found bochs VGA, ID 0xb0c5.
[    2.497683] [drm] Framebuffer size 16384 kB @ 0xfd000000, mmio @ 0xfebd0000.
[    2.507387] [drm] Found EDID data blob.
[    2.515165] [drm] Initialized bochs-drm 1.0.0 20130925 for 0000:00:01.0 on minor 0
[    2.538569] fbcon: bochs-drmdrmfb (fb0) is primary device
[    2.562755] Console: switching to colour frame buffer device 128x48
[    2.579335] bochs-drm 0000:00:01.0: [drm] fb0: bochs-drmdrmfb frame buffer device
[    2.612862] brd: module loaded
[    2.630280] loop: module loaded
[    2.639630] virtio_blk virtio2: [vda] 257972 512-byte logical blocks (132 MB/126 MiB)
[    2.659785] ahci 0000:00:1f.2: AHCI 0001.0000 32 slots 6 ports 1.5 Gbps 0x3f impl SATA mode
[    2.668167] ahci 0000:00:1f.2: flags: 64bit ncq only 
[    2.679286] scsi host0: ahci
[    2.685178] scsi host1: ahci
[    2.689858] scsi host2: ahci
[    2.697731] scsi host3: ahci
[    2.712122] scsi host4: ahci
[    2.715899] scsi host5: ahci
[    2.719584] ata1: SATA max UDMA/133 abar m4096@0xfebd4000 port 0xfebd4100 irq 29
[    2.754279] ata2: SATA max UDMA/133 abar m4096@0xfebd4000 port 0xfebd4180 irq 29
[    2.887497] ata3: SATA max UDMA/133 abar m4096@0xfebd4000 port 0xfebd4200 irq 29
[    2.945923] ata4: SATA max UDMA/133 abar m4096@0xfebd4000 port 0xfebd4280 irq 29
[    2.956249] ata5: SATA max UDMA/133 abar m4096@0xfebd4000 port 0xfebd4300 irq 29
[    2.965872] ata6: SATA max UDMA/133 abar m4096@0xfebd4000 port 0xfebd4380 irq 29
[    2.982414] e100: Intel(R) PRO/100 Network Driver
[    2.990241] e100: Copyright(c) 1999-2006 Intel Corporation
[    2.995572] e1000: Intel(R) PRO/1000 Network Driver
[    3.000368] e1000: Copyright (c) 1999-2006 Intel Corporation.
[    3.008419] e1000e: Intel(R) PRO/1000 Network Driver
[    3.015080] e1000e: Copyright(c) 1999 - 2015 Intel Corporation.
[    3.023475] igb: Intel(R) Gigabit Ethernet Network Driver
[    3.031577] igb: Copyright (c) 2007-2014 Intel Corporation.
[    3.039907] ehci_hcd: USB 2.0 'Enhanced' Host Controller (EHCI) Driver
[    3.048726] ehci-pci: EHCI PCI platform driver
[    3.058647] ehci-pci 0000:00:1d.7: EHCI Host Controller
[    3.067431] ehci-pci 0000:00:1d.7: new USB bus registered, assigned bus number 1
[    3.079551] ehci-pci 0000:00:1d.7: irq 19, io mem 0xfebd3000
[    3.094683] ehci-pci 0000:00:1d.7: USB 2.0 started, EHCI 1.00
[    3.108905] hub 1-0:1.0: USB hub found
[    3.115136] hub 1-0:1.0: 6 ports detected
[    3.123976] ohci_hcd: USB 1.1 'Open' Host Controller (OHCI) Driver
[    3.132344] ohci-pci: OHCI PCI platform driver
[    3.138770] uhci_hcd: USB Universal Host Controller Interface driver
[    3.148518] uhci_hcd 0000:00:1d.0: UHCI Host Controller
[    3.157189] uhci_hcd 0000:00:1d.0: new USB bus registered, assigned bus number 2
[    3.188897] uhci_hcd 0000:00:1d.0: irq 16, io base 0x0000c100
[    3.198909] hub 2-0:1.0: USB hub found
[    3.204792] hub 2-0:1.0: 2 ports detected
[    3.215688] uhci_hcd 0000:00:1d.1: UHCI Host Controller
[    3.223448] uhci_hcd 0000:00:1d.1: new USB bus registered, assigned bus number 3
[    3.234002] uhci_hcd 0000:00:1d.1: irq 17, io base 0x0000c120
[    3.244409] hub 3-0:1.0: USB hub found
[    3.249667] hub 3-0:1.0: 2 ports detected
[    3.255042] tsc: Refined TSC clocksource calibration: 3609.531 MHz
[    3.264129] clocksource: tsc: mask: 0xffffffffffffffff max_cycles: 0x34077f097d5, max_idle_ns: 440795301962 ns
[    3.277961] clocksource: Switched to clocksource tsc
[    3.287220] uhci_hcd 0000:00:1d.2: UHCI Host Controller
[    3.296713] uhci_hcd 0000:00:1d.2: new USB bus registered, assigned bus number 4
[    3.308784] uhci_hcd 0000:00:1d.2: irq 18, io base 0x0000c140
[    3.315931] ata2: SATA link down (SStatus 0 SControl 300)
[    3.323760] ata4: SATA link down (SStatus 0 SControl 300)
[    3.330752] ata5: SATA link down (SStatus 0 SControl 300)
[    3.331033] hub 4-0:1.0: USB hub found
[    3.340366] hub 4-0:1.0: 2 ports detected
[    3.341388] ata6: SATA link down (SStatus 0 SControl 300)
[    3.349513] ata1: SATA link down (SStatus 0 SControl 300)
[    3.355371] ata3: SATA link up 1.5 Gbps (SStatus 113 SControl 300)
[    3.355456] usbcore: registered new interface driver usb-storage
[    3.367793] usbcore: registered new interface driver usbserial_generic
[    3.375639] usbserial: USB Serial support registered for generic
[    3.376304] ata3.00: ATAPI: QEMU DVD-ROM, 2.5+, max UDMA/100
[    3.381654] usbcore: registered new interface driver ftdi_sio
[    3.387366] ata3.00: applying bridge limits
[    3.392434] usbserial: USB Serial support registered for FTDI USB Serial Device
[    3.403344] usbcore: registered new interface driver pl2303
[    3.408704] usbserial: USB Serial support registered for pl2303
[    3.408822] usb 1-1: new high-speed USB device number 2 using ehci-pci
[    3.409024] ata3.00: configured for UDMA/100
[    3.416037] i8042: PNP: PS/2 Controller [PNP0303:KBD,PNP0f13:MOU] at 0x60,0x64 irq 1,12
[    3.435451] serio: i8042 KBD port at 0x60,0x64 irq 1
[    3.441171] serio: i8042 AUX port at 0x60,0x64 irq 12
[    3.447112] mousedev: PS/2 mouse device common for all mice
[    3.447961] scsi 2:0:0:0: CD-ROM            QEMU     QEMU DVD-ROM     2.5+ PQ: 0 ANSI: 5
[    3.462809] input: AT Translated Set 2 keyboard as /devices/platform/i8042/serio0/input/input1
[    3.471783] rtc_cmos 00:05: RTC can wake from S4
[    3.480375] rtc_cmos 00:05: registered as rtc0
[    3.485223] rtc_cmos 00:05: setting system clock to 2026-05-31T23:10:40 UTC (1780269040)
[    3.494851] rtc_cmos 00:05: alarms up to one day, y3k, 242 bytes nvram, hpet irqs
[    3.504563] i801_smbus 0000:00:1f.3: SMBus using PCI interrupt
[    3.511649] sr 2:0:0:0: [sr0] scsi3-mmc drive: 4x/4x cd/rw xa/form2 tray
[    3.518780] cdrom: Uniform CD-ROM driver Revision: 3.20
[    3.518806] i2c i2c-0: 1/1 memory slots populated (from DMI)
[    3.528913] i2c i2c-0: Memory type 0x07 not supported yet, not instantiating SPD
[    3.538152] device-mapper: ioctl: 4.45.0-ioctl (2021-03-22) initialised: dm-devel@redhat.com
[    3.547793] intel_pstate: CPU model not supported
[    3.553199] sdhci: Secure Digital Host Controller Interface driver
[    3.559479] sdhci: Copyright(c) Pierre Ossman
[    3.564677] sdhci-pltfm: SDHCI platform and OF driver helper
[    3.572078] usbcore: registered new interface driver usbhid
[    3.577261] usbhid: USB HID core driver
[    3.582579] u32 classifier
[    3.583228]     input device check on
[    3.583228]     Actions configured
[    3.593535] NET: Registered PF_INET6 protocol family
[    3.604838] Segment Routing with IPv6
[    3.608651] In-situ OAM (IOAM) with IPv6
[    3.613567] sit: IPv6, IPv4 and MPLS over IPv4 tunneling driver
[    3.620392] input: QEMU QEMU USB Tablet as /devices/pci0000:00/0000:00:1d.7/usb1/1-1/1-1:1.0/0003:0627:0001.0001/input/input4
[    3.621230] NET: Registered PF_PACKET protocol family
[    3.660160] Bridge firewalling registered
[    3.665398] Key type dns_resolver registered
[    3.670647] hid-generic 0003:0627:0001.0001: input: USB HID v0.01 Mouse [QEMU QEMU USB Tablet] on usb-0000:00:1d.7-1/input0
[    3.670774] NET: Registered PF_VSOCK protocol family
[    3.692394] IPI shorthand broadcast: enabled
[    3.696688] sched_clock: Marking stable (3031111425, 665179277)->(4818441938, -1122151236)
[    3.705350] Loading compiled-in X.509 certificates
[    3.710737] Key type .fscrypt registered
[    3.714693] Key type fscrypt-provisioning registered
[    3.732681] Btrfs loaded, crc32c=crc32c-generic, zoned=no, fsverity=no
[    3.755021] Key type encrypted registered
[    3.890576] printk: console [netcon0] enabled
[    3.915377] netconsole: network logging started
[    3.936834] input: ImExPS/2 Generic Explorer Mouse as /devices/platform/i8042/serio1/input/input3
[    3.975643] Sending DHCP requests ., OK
[    3.988110] IP-Config: Got DHCP answer from 10.0.2.2, my address is 10.0.2.15
[    3.997898] IP-Config: Complete:
[    4.002195]      device=eth0, hwaddr=52:54:00:12:35:02, ipaddr=10.0.2.15, mask=255.255.255.0, gw=10.0.2.2
[    4.015383]      host=10.0.2.15, domain=, nis-domain=(none)
[    4.022640]      bootserver=10.0.2.2, rootserver=10.0.2.2, rootpath=
[    4.022695]      nameserver0=10.0.2.3
[    4.041106] clk: Disabling unused clocks
[    4.052178] md: Waiting for all devices to be available before autodetect
[    4.062024] md: If you don't use raid, use raid=noautodetect
[    4.069618] md: Autodetecting RAID arrays.
[    4.081890] md: autorun ...
[    4.090853] md: ... autorun DONE.
[    4.157013] EXT4-fs (vda): recovery complete
[    4.177008] EXT4-fs (vda): mounted filesystem with ordered data mode. Opts: (null). Quota mode: disabled.
[    4.208132] VFS: Mounted root (ext4 filesystem) on device 253:0.
[    4.243114] devtmpfs: mounted
[    4.444500] Freeing unused kernel image (initmem) memory: 1908K
[    4.450997] Write protecting the kernel read-only data: 22528k
[    4.460429] Freeing unused kernel image (text/rodata gap) memory: 2036K
[    4.467993] Freeing unused kernel image (rodata/data gap) memory: 448K
[    4.474781] Run /sbin/init as init process
INIT: version 3.01 booting
Starting udev
[    5.612902] udevd[160]: starting version 3.2.10
[    5.697088] udevd[161]: starting eudev-3.2.10
[    6.391386] EXT4-fs (vda): re-mounted. Opts: (null). Quota mode: disabled.
INIT: Entering runlevel: 5
Configuring network interfaces... ip: RTNETLINK answers: File exists
Starting OpenBSD Secure Shell server: sshd
done.
Starting syslogd/klogd: done

Poky (Yocto Project Reference Distro) 4.0.35 qemux86-64 /dev/ttyS0

qemux86-64 login: runqemu - INFO - Cleaning up
runqemu - INFO - Host uptime: 3710.24

[?7hrunqemu - INFO - Running bitbake -e ...
runqemu - INFO - Continuing with the following parameters:
KERNEL: [/home/tomlocal/colosseum-yocto/build/tmp/deploy/images/qemux86-64/bzImage]
MACHINE: [qemux86-64]
FSTYPE: [ext4]
ROOTFS: [/home/tomlocal/colosseum-yocto/build/tmp/deploy/images/qemux86-64/colosseum-qemu-image-qemux86-64.ext4]
CONFFILE: [/home/tomlocal/colosseum-yocto/build/tmp/deploy/images/qemux86-64/colosseum-qemu-image-qemux86-64.qemuboot.conf]

runqemu - INFO - Network configuration: ip=dhcp
runqemu - INFO - Port forward: hostfwd=tcp::2222-:22
runqemu - INFO - Running /home/tomlocal/colosseum-yocto/build/tmp/work/x86_64-linux/qemu-helper-native/1.0-r1/recipe-sysroot-native/usr/bin/qemu-system-x86_64 -device virtio-net-pci,netdev=net0,mac=52:54:00:12:35:02 -netdev user,id=net0,hostfwd=tcp::2222-:22 -object rng-random,filename=/dev/urandom,id=rng0 -device virtio-rng-pci,rng=rng0 -drive file=/home/tomlocal/colosseum-yocto/build/tmp/deploy/images/qemux86-64/colosseum-qemu-image-qemux86-64.ext4,if=virtio,format=raw -usb -device usb-tablet   -cpu IvyBridge -machine q35 -smp 4 -m 256 -serial mon:stdio -serial null -nographic  -kernel /home/tomlocal/colosseum-yocto/build/tmp/deploy/images/qemux86-64/bzImage -append 'root=/dev/vda rw  ip=dhcp console=ttyS0 console=ttyAMA0 console=ttyAMA1 oprofile.timer=1 tsc=reliable no_timer_check rcupdate.rcu_expedited=1 '

runqemu - INFO - Host uptime: 3755.34

c[?7l[2J[0mSeaBIOS (version rel-1.15.0-0-g2dd4b9b3f840-prebuilt.qemu.org)


iPXE (http://ipxe.org) 00:02.0 CA00 PCI2.10 PnP PMM+0FF8C650+0FEEC650 CA00
Press Ctrl-B to configure iPXE (PCI 00:02.0)...                                                                               


Booting from ROM..c[?7l[2J[    0.000000] Linux version 5.15.201-yocto-standard (oe-user@oe-host) (x86_64-poky-linux-gcc (GCC) 11.5.0, GNU ld (GNU Binutils) 2.38.20220708) #1 SMP PREEMPT Mon Feb 23 04:44:11 UTC 2026
[    0.000000] Command line: root=/dev/vda rw  ip=dhcp console=ttyS0 console=ttyAMA0 console=ttyAMA1 oprofile.timer=1 tsc=reliable no_timer_check rcupdate.rcu_expedited=1 
[    0.000000] BIOS-provided physical RAM map:
[    0.000000] BIOS-e820: [mem 0x0000000000000000-0x000000000009fbff] usable
[    0.000000] BIOS-e820: [mem 0x000000000009fc00-0x000000000009ffff] reserved
[    0.000000] BIOS-e820: [mem 0x00000000000f0000-0x00000000000fffff] reserved
[    0.000000] BIOS-e820: [mem 0x0000000000100000-0x000000000ffd7fff] usable
[    0.000000] BIOS-e820: [mem 0x000000000ffd8000-0x000000000fffffff] reserved
[    0.000000] BIOS-e820: [mem 0x00000000b0000000-0x00000000bfffffff] reserved
[    0.000000] BIOS-e820: [mem 0x00000000fed1c000-0x00000000fed1ffff] reserved
[    0.000000] BIOS-e820: [mem 0x00000000fffc0000-0x00000000ffffffff] reserved
[    0.000000] NX (Execute Disable) protection: active
[    0.000000] SMBIOS 2.8 present.
[    0.000000] DMI: QEMU Standard PC (Q35 + ICH9, 2009), BIOS rel-1.15.0-0-g2dd4b9b3f840-prebuilt.qemu.org 04/01/2014
[    0.000000] tsc: Fast TSC calibration using PIT
[    0.000000] tsc: Detected 3609.524 MHz processor
[    0.006569] last_pfn = 0xffd8 max_arch_pfn = 0x400000000
[    0.007424] x86/PAT: Configuration [0-7]: WB  WC  UC- UC  WB  WP  UC- WT  
[    0.015892] found SMP MP-table at [mem 0x000f5b70-0x000f5b7f]
[    0.021265] ACPI: Early table checksum verification disabled
[    0.021664] ACPI: RSDP 0x00000000000F59A0 000014 (v00 BOCHS )
[    0.022061] ACPI: RSDT 0x000000000FFE2439 000038 (v01 BOCHS  BXPC     00000001 BXPC 00000001)
[    0.022576] ACPI: FACP 0x000000000FFE2219 0000F4 (v03 BOCHS  BXPC     00000001 BXPC 00000001)
[    0.023147] ACPI: DSDT 0x000000000FFE0040 0021D9 (v01 BOCHS  BXPC     00000001 BXPC 00000001)
[    0.023232] ACPI: FACS 0x000000000FFE0000 000040
[    0.023294] ACPI: APIC 0x000000000FFE230D 000090 (v01 BOCHS  BXPC     00000001 BXPC 00000001)
[    0.023318] ACPI: HPET 0x000000000FFE239D 000038 (v01 BOCHS  BXPC     00000001 BXPC 00000001)
[    0.023336] ACPI: MCFG 0x000000000FFE23D5 00003C (v01 BOCHS  BXPC     00000001 BXPC 00000001)
[    0.023352] ACPI: WAET 0x000000000FFE2411 000028 (v01 BOCHS  BXPC     00000001 BXPC 00000001)
[    0.023421] ACPI: Reserving FACP table memory at [mem 0xffe2219-0xffe230c]
[    0.023459] ACPI: Reserving DSDT table memory at [mem 0xffe0040-0xffe2218]
[    0.023469] ACPI: Reserving FACS table memory at [mem 0xffe0000-0xffe003f]
[    0.023477] ACPI: Reserving APIC table memory at [mem 0xffe230d-0xffe239c]
[    0.023482] ACPI: Reserving HPET table memory at [mem 0xffe239d-0xffe23d4]
[    0.023487] ACPI: Reserving MCFG table memory at [mem 0xffe23d5-0xffe2410]
[    0.023492] ACPI: Reserving WAET table memory at [mem 0xffe2411-0xffe2438]
[    0.026312] Zone ranges:
[    0.026371]   DMA      [mem 0x0000000000001000-0x0000000000ffffff]
[    0.026468]   DMA32    [mem 0x0000000001000000-0x000000000ffd7fff]
[    0.026485]   Normal   empty
[    0.026508] Movable zone start for each node
[    0.026540] Early memory node ranges
[    0.026568]   node   0: [mem 0x0000000000001000-0x000000000009efff]
[    0.026686]   node   0: [mem 0x0000000000100000-0x000000000ffd7fff]
[    0.026835] Initmem setup node 0 [mem 0x0000000000001000-0x000000000ffd7fff]
[    0.028323] On node 0, zone DMA: 1 pages in unavailable ranges
[    0.028546] On node 0, zone DMA: 97 pages in unavailable ranges
[    0.029907] On node 0, zone DMA32: 40 pages in unavailable ranges
[    0.030299] ACPI: PM-Timer IO Port: 0x608
[    0.030763] ACPI: LAPIC_NMI (acpi_id[0xff] dfl dfl lint[0x1])
[    0.031105] IOAPIC[0]: apic_id 0, version 32, address 0xfec00000, GSI 0-23
[    0.031234] ACPI: INT_SRC_OVR (bus 0 bus_irq 0 global_irq 2 dfl dfl)
[    0.031498] ACPI: INT_SRC_OVR (bus 0 bus_irq 5 global_irq 5 high level)
[    0.031537] ACPI: INT_SRC_OVR (bus 0 bus_irq 9 global_irq 9 high level)
[    0.031626] ACPI: INT_SRC_OVR (bus 0 bus_irq 10 global_irq 10 high level)
[    0.031638] ACPI: INT_SRC_OVR (bus 0 bus_irq 11 global_irq 11 high level)
[    0.031803] ACPI: Using ACPI (MADT) for SMP configuration information
[    0.031850] ACPI: HPET id: 0x8086a201 base: 0xfed00000
[    0.033145] smpboot: Allowing 4 CPUs, 0 hotplug CPUs
[    0.033950] [mem 0x10000000-0xafffffff] available for PCI devices
[    0.033999] Booting paravirtualized kernel on bare hardware
[    0.034297] clocksource: refined-jiffies: mask: 0xffffffff max_cycles: 0xffffffff, max_idle_ns: 1910969940391419 ns
[    0.034662] setup_percpu: NR_CPUS:64 nr_cpumask_bits:64 nr_cpu_ids:4 nr_node_ids:1
[    0.039535] percpu: Embedded 54 pages/cpu s182360 r8192 d30632 u524288
[    0.041703] Built 1 zonelists, mobility grouping on.  Total pages: 64216
[    0.041983] Kernel command line: root=/dev/vda rw  ip=dhcp console=ttyS0 console=ttyAMA0 console=ttyAMA1 oprofile.timer=1 tsc=reliable no_timer_check rcupdate.rcu_expedited=1 
[    0.075137] Dentry cache hash table entries: 32768 (order: 6, 262144 bytes, linear)
[    0.075403] Inode-cache hash table entries: 16384 (order: 5, 131072 bytes, linear)
[    0.080225] mem auto-init: stack:off, heap alloc:off, heap free:off
[    0.084960] Memory: 224520K/261592K available (16395K kernel code, 2131K rwdata, 3648K rodata, 1908K init, 1940K bss, 36812K reserved, 0K cma-reserved)
[    0.087703] SLUB: HWalign=64, Order=0-3, MinObjects=0, CPUs=4, Nodes=1
[    0.088766] Kernel/User page tables isolation: enabled
[    0.091774] ftrace: allocating 45714 entries in 179 pages
[    0.146124] ftrace: allocated 179 pages with 5 groups
[    0.153994] rcu: Preemptible hierarchical RCU implementation.
[    0.154043] rcu: 	RCU restricting CPUs from NR_CPUS=64 to nr_cpu_ids=4.
[    0.154138] 	All grace periods are expedited (rcu_expedited).
[    0.154164] 	Trampoline variant of Tasks RCU enabled.
[    0.154172] 	Rude variant of Tasks RCU enabled.
[    0.154180] 	Tracing variant of Tasks RCU enabled.
[    0.154254] rcu: RCU calculated value of scheduler-enlistment delay is 100 jiffies.
[    0.154282] rcu: Adjusting geometry for rcu_fanout_leaf=16, nr_cpu_ids=4
[    0.176981] NR_IRQS: 4352, nr_irqs: 456, preallocated irqs: 16
[    0.187497] kfence: initialized - using 2097152 bytes for 255 objects at 0x(____ptrval____)-0x(____ptrval____)
[    0.188188] random: crng init done
[    0.191752] Console: colour VGA+ 80x25
[    0.840343] printk: console [ttyS0] enabled
[    0.844112] ACPI: Core revision 20210730
[    0.852476] clocksource: hpet: mask: 0xffffffff max_cycles: 0xffffffff, max_idle_ns: 19112604467 ns
[    0.866130] APIC: Switch to symmetric I/O mode setup
[    0.875570] ..TIMER: vector=0x30 apic1=0 pin1=2 apic2=-1 pin2=-1
[    0.882628] clocksource: tsc-early: mask: 0xffffffffffffffff max_cycles: 0x3407786d96c, max_idle_ns: 440795300042 ns
[    0.892826] Calibrating delay loop (skipped), value calculated using timer frequency.. 7219.04 BogoMIPS (lpj=3609524)
[    0.897948] Last level iTLB entries: 4KB 0, 2MB 0, 4MB 0
[    0.899718] Last level dTLB entries: 4KB 0, 2MB 0, 4MB 0, 1GB 0
[    0.900909] Spectre V1 : Mitigation: usercopy/swapgs barriers and __user pointer sanitization
[    0.901917] Spectre V2 : Mitigation: Retpolines
[    0.902718] Spectre V2 : Spectre v2 / SpectreRSB: Filling RSB on context switch and VMEXIT
[    0.903804] Speculative Store Bypass: Vulnerable
[    0.904979] MDS: Vulnerable: Clear CPU buffers attempted, no microcode
[    0.906694] MMIO Stale Data: Unknown: No mitigations
[    0.907767] SRBDS: Unknown: Dependent on hypervisor status
[    0.908794] active return thunk: its_return_thunk
[    0.911719] ITS: Mitigation: Aligned branch/return thunks
[    0.915700] x86/fpu: Supporting XSAVE feature 0x001: 'x87 floating point registers'
[    0.918926] x86/fpu: Supporting XSAVE feature 0x002: 'SSE registers'
[    0.919851] x86/fpu: Enabled xstate features 0x3, context size is 576 bytes, using 'standard' format.
[    1.006627] Freeing SMP alternatives memory: 52K
[    1.007903] pid_max: default: 32768 minimum: 301
[    1.011952] LSM: Security Framework initializing
[    1.014789] landlock: Up and running.
[    1.019626] Mount-cache hash table entries: 512 (order: 0, 4096 bytes, linear)
[    1.020775] Mountpoint-cache hash table entries: 512 (order: 0, 4096 bytes, linear)
[    1.151684] smpboot: CPU0: Intel Xeon E3-12xx v2 (Ivy Bridge) (family: 0x6, model: 0x3a, stepping: 0x9)
[    1.161967] Performance Events: unsupported p6 CPU model 58 no PMU driver, software events only.
[    1.163180] signal: max sigframe size: 1520
[    1.165380] rcu: Hierarchical SRCU implementation.
[    1.171516] smp: Bringing up secondary CPUs ...
[    1.176509] x86: Booting SMP configuration:
[    1.176792] .... node  #0, CPUs:      #1 #2 #3
[    1.190818] smp: Brought up 1 node, 4 CPUs
[    1.195132] smpboot: Max logical packages: 1
[    1.195780] smpboot: Total of 4 processors activated (28876.19 BogoMIPS)
[    1.209301] devtmpfs: initialized
[    1.216372] clocksource: jiffies: mask: 0xffffffff max_cycles: 0xffffffff, max_idle_ns: 1911260446275000 ns
[    1.218200] futex hash table entries: 1024 (order: 4, 65536 bytes, linear)
[    1.220657] pinctrl core: initialized pinctrl subsystem
[    1.231747] NET: Registered PF_NETLINK/PF_ROUTE protocol family
[    1.238211] thermal_sys: Registered thermal governor 'step_wise'
[    1.238256] thermal_sys: Registered thermal governor 'user_space'
[    1.240936] cpuidle: using governor menu
[    1.243186] ACPI: bus type PCI registered
[    1.246019] PCI: MMCONFIG for domain 0000 [bus 00-ff] at [mem 0xb0000000-0xbfffffff] (base 0xb0000000)
[    1.248120] PCI: MMCONFIG at [mem 0xb0000000-0xbfffffff] reserved in E820
[    1.252938] PCI: Using configuration type 1 for base access
[    1.255624] mtrr: your CPUs had inconsistent fixed MTRR settings
[    1.256731] mtrr: your CPUs had inconsistent variable MTRR settings
[    1.257717] mtrr: your CPUs had inconsistent MTRRdefType settings
[    1.258684] mtrr: probably your BIOS does not setup all CPUs.
[    1.258684] mtrr: corrected configuration.
[    1.276336] kprobes: kprobe jump-optimization is enabled. All kprobes are optimized if possible.
[    1.313748] raid6: sse2x4   gen()  1151 MB/s
[    1.331762] raid6: sse2x4   xor()   747 MB/s
[    1.349692] raid6: sse2x2   gen()  1376 MB/s
[    1.367703] raid6: sse2x2   xor()   602 MB/s
[    1.385728] raid6: sse2x1   gen()  1129 MB/s
[    1.402697] raid6: sse2x1   xor()   544 MB/s
[    1.403738] raid6: using algorithm sse2x2 gen() 1376 MB/s
[    1.404730] raid6: .... xor() 602 MB/s, rmw enabled
[    1.405827] raid6: using ssse3x2 recovery algorithm
[    1.408417] ACPI: Added _OSI(Module Device)
[    1.408729] ACPI: Added _OSI(Processor Device)
[    1.409684] ACPI: Added _OSI(Processor Aggregator Device)
[    1.410751] ACPI: Added _OSI(Linux-Dell-Video)
[    1.411684] ACPI: Added _OSI(Linux-Lenovo-NV-HDMI-Audio)
[    1.412713] ACPI: Added _OSI(Linux-HPI-Hybrid-Graphics)
[    1.429571] ACPI: 1 ACPI AML tables successfully acquired and loaded
[    1.445002] ACPI: Interpreter enabled
[    1.447037] ACPI: PM: (supports S0 S3 S5)
[    1.447760] ACPI: Using IOAPIC for interrupt routing
[    1.450529] PCI: Using host bridge windows from ACPI; if necessary, use "pci=nocrs" and report a bug
[    1.452684] ACPI: Enabled 2 GPEs in block 00 to 3F
[    1.475443] ACPI: PCI Root Bridge [PCI0] (domain 0000 [bus 00-ff])
[    1.477143] acpi PNP0A08:00: _OSC: OS supports [ExtendedConfig ASPM ClockPM Segments MSI HPX-Type3]
[    1.481646] acpi PNP0A08:00: _OSC: platform does not support [LTR]
[    1.484399] acpi PNP0A08:00: _OSC: OS now controls [PME PCIeCapability]
[    1.487583] PCI host bridge to bus 0000:00
[    1.487870] pci_bus 0000:00: root bus resource [io  0x0000-0x0cf7 window]
[    1.489759] pci_bus 0000:00: root bus resource [io  0x0d00-0xffff window]
[    1.490684] pci_bus 0000:00: root bus resource [mem 0x000a0000-0x000bffff window]
[    1.491684] pci_bus 0000:00: root bus resource [mem 0x10000000-0xafffffff window]
[    1.492703] pci_bus 0000:00: root bus resource [mem 0xc0000000-0xfebfffff window]
[    1.493698] pci_bus 0000:00: root bus resource [mem 0x100000000-0x8ffffffff window]
[    1.494892] pci_bus 0000:00: root bus resource [bus 00-ff]
[    1.497635] pci 0000:00:00.0: [8086:29c0] type 00 class 0x060000
[    1.503545] pci 0000:00:01.0: [1234:1111] type 00 class 0x030000
[    1.506707] pci 0000:00:01.0: reg 0x10: [mem 0xfd000000-0xfdffffff pref]
[    1.510684] pci 0000:00:01.0: reg 0x18: [mem 0xfebd0000-0xfebd0fff]
[    1.515708] pci 0000:00:01.0: reg 0x30: [mem 0xfebc0000-0xfebcffff pref]
[    1.517090] pci 0000:00:01.0: Video device with shadowed ROM at [mem 0x000c0000-0x000dffff]
[    1.519275] pci 0000:00:02.0: [1af4:1000] type 00 class 0x020000
[    1.521710] pci 0000:00:02.0: reg 0x10: [io  0xc0c0-0xc0df]
[    1.524335] pci 0000:00:02.0: reg 0x14: [mem 0xfebd1000-0xfebd1fff]
[    1.528402] pci 0000:00:02.0: reg 0x20: [mem 0xfe000000-0xfe003fff 64bit pref]
[    1.531684] pci 0000:00:02.0: reg 0x30: [mem 0xfeb80000-0xfebbffff pref]
[    1.534374] pci 0000:00:03.0: [1af4:1005] type 00 class 0x00ff00
[    1.536102] pci 0000:00:03.0: reg 0x10: [io  0xc0e0-0xc0ff]
[    1.541072] pci 0000:00:03.0: reg 0x20: [mem 0xfe004000-0xfe007fff 64bit pref]
[    1.545052] pci 0000:00:04.0: [1af4:1001] type 00 class 0x010000
[    1.547710] pci 0000:00:04.0: reg 0x10: [io  0xc000-0xc07f]
[    1.550716] pci 0000:00:04.0: reg 0x14: [mem 0xfebd2000-0xfebd2fff]
[    1.555684] pci 0000:00:04.0: reg 0x20: [mem 0xfe008000-0xfe00bfff 64bit pref]
[    1.558359] pci 0000:00:1d.0: [8086:2934] type 00 class 0x0c0300
[    1.562268] pci 0000:00:1d.0: reg 0x20: [io  0xc100-0xc11f]
[    1.565289] pci 0000:00:1d.1: [8086:2935] type 00 class 0x0c0300
[    1.568387] pci 0000:00:1d.1: reg 0x20: [io  0xc120-0xc13f]
[    1.572159] pci 0000:00:1d.2: [8086:2936] type 00 class 0x0c0300
[    1.575506] pci 0000:00:1d.2: reg 0x20: [io  0xc140-0xc15f]
[    1.577993] pci 0000:00:1d.7: [8086:293a] type 00 class 0x0c0320
[    1.580300] pci 0000:00:1d.7: reg 0x10: [mem 0xfebd3000-0xfebd3fff]
[    1.585034] pci 0000:00:1f.0: [8086:2918] type 00 class 0x060100
[    1.587704] pci 0000:00:1f.0: quirk: [io  0x0600-0x067f] claimed by ICH6 ACPI/GPIO/TCO
[    1.590448] pci 0000:00:1f.2: [8086:2922] type 00 class 0x010601
[    1.594684] pci 0000:00:1f.2: reg 0x20: [io  0xc160-0xc17f]
[    1.598049] pci 0000:00:1f.2: reg 0x24: [mem 0xfebd4000-0xfebd4fff]
[    1.600453] pci 0000:00:1f.3: [8086:2930] type 00 class 0x0c0500
[    1.603931] pci 0000:00:1f.3: reg 0x20: [io  0x0700-0x073f]
[    1.610392] ACPI: PCI: Interrupt link LNKA configured for IRQ 10
[    1.611265] ACPI: PCI: Interrupt link LNKB configured for IRQ 10
[    1.612117] ACPI: PCI: Interrupt link LNKC configured for IRQ 11
[    1.613125] ACPI: PCI: Interrupt link LNKD configured for IRQ 11
[    1.614095] ACPI: PCI: Interrupt link LNKE configured for IRQ 10
[    1.615800] ACPI: PCI: Interrupt link LNKF configured for IRQ 10
[    1.617172] ACPI: PCI: Interrupt link LNKG configured for IRQ 11
[    1.619802] ACPI: PCI: Interrupt link LNKH configured for IRQ 11
[    1.622000] ACPI: PCI: Interrupt link GSIA configured for IRQ 16
[    1.622789] ACPI: PCI: Interrupt link GSIB configured for IRQ 17
[    1.623807] ACPI: PCI: Interrupt link GSIC configured for IRQ 18
[    1.624814] ACPI: PCI: Interrupt link GSID configured for IRQ 19
[    1.625776] ACPI: PCI: Interrupt link GSIE configured for IRQ 20
[    1.628809] ACPI: PCI: Interrupt link GSIF configured for IRQ 21
[    1.629794] ACPI: PCI: Interrupt link GSIG configured for IRQ 22
[    1.630791] ACPI: PCI: Interrupt link GSIH configured for IRQ 23
[    1.638283] pci 0000:00:01.0: vgaarb: setting as boot VGA device
[    1.638684] pci 0000:00:01.0: vgaarb: VGA device added: decodes=io+mem,owns=io+mem,locks=none
[    1.638764] pci 0000:00:01.0: vgaarb: bridge control possible
[    1.640792] vgaarb: loaded
[    1.644521] SCSI subsystem initialized
[    1.646209] ACPI: bus type USB registered
[    1.647098] usbcore: registered new interface driver usbfs
[    1.648943] usbcore: registered new interface driver hub
[    1.649877] usbcore: registered new device driver usb
[    1.652141] pps_core: LinuxPPS API ver. 1 registered
[    1.652693] pps_core: Software ver. 5.3.6 - Copyright 2005-2007 Rodolfo Giometti <giometti@linux.it>
[    1.653796] PTP clock support registered
[    1.664972] Bluetooth: Core ver 2.22
[    1.666907] NET: Registered PF_BLUETOOTH protocol family
[    1.667716] Bluetooth: HCI device and connection manager initialized
[    1.669830] Bluetooth: HCI socket layer initialized
[    1.670793] Bluetooth: L2CAP socket layer initialized
[    1.671891] Bluetooth: SCO socket layer initialized
[    1.675013] PCI: Using ACPI for IRQ routing
[    1.679312] hpet0: at MMIO 0xfed00000, IRQs 2, 8, 0
[    1.679699] hpet0: 3 comparators, 64-bit 100.000000 MHz counter
[    1.685252] clocksource: Switched to clocksource tsc-early
[    1.745787] pnp: PnP ACPI init
[    1.753510] system 00:06: [mem 0xb0000000-0xbfffffff window] has been reserved
[    1.762322] pnp: PnP ACPI: found 7 devices
[    1.793760] clocksource: acpi_pm: mask: 0xffffff max_cycles: 0xffffff, max_idle_ns: 2085701024 ns
[    1.803148] NET: Registered PF_INET protocol family
[    1.808860] IP idents hash table entries: 4096 (order: 3, 32768 bytes, linear)
[    1.825184] tcp_listen_portaddr_hash hash table entries: 256 (order: 0, 4096 bytes, linear)
[    1.833604] Table-perturb hash table entries: 65536 (order: 6, 262144 bytes, linear)
[    1.841093] TCP established hash table entries: 2048 (order: 2, 16384 bytes, linear)
[    1.873649] TCP bind hash table entries: 2048 (order: 3, 32768 bytes, linear)
[    1.881075] TCP: Hash tables configured (established 2048 bind 2048)
[    1.889265] UDP hash table entries: 256 (order: 1, 8192 bytes, linear)
[    1.903741] UDP-Lite hash table entries: 256 (order: 1, 8192 bytes, linear)
[    1.912655] NET: Registered PF_UNIX/PF_LOCAL protocol family
[    2.103191] RPC: Registered named UNIX socket transport module.
[    2.125058] RPC: Registered udp transport module.
[    2.132490] RPC: Registered tcp transport module.
[    2.139077] RPC: Registered tcp NFSv4.1 backchannel transport module.
[    2.148897] pci_bus 0000:00: resource 4 [io  0x0000-0x0cf7 window]
[    2.157535] pci_bus 0000:00: resource 5 [io  0x0d00-0xffff window]
[    2.165291] pci_bus 0000:00: resource 6 [mem 0x000a0000-0x000bffff window]
[    2.172329] pci_bus 0000:00: resource 7 [mem 0x10000000-0xafffffff window]
[    2.179141] pci_bus 0000:00: resource 8 [mem 0xc0000000-0xfebfffff window]
[    2.180062] pci_bus 0000:00: resource 9 [mem 0x100000000-0x8ffffffff window]
[    2.196195] ACPI: \_SB_.GSIA: Enabled at IRQ 16
[    2.205341] pci 0000:00:1d.0: quirk_usb_early_handoff+0x0/0x6f0 took 12763 usecs
[    2.217472] ACPI: \_SB_.GSIB: Enabled at IRQ 17
[    2.227466] ACPI: \_SB_.GSIC: Enabled at IRQ 18
[    2.236865] ACPI: \_SB_.GSID: Enabled at IRQ 19
[    2.245285] PCI: CLS 0 bytes, default 64
[    2.252179] RAPL PMU: API unit is 2^-32 Joules, 0 fixed counters, 10737418240 ms ovfl timer
[    2.285957] Initialise system trusted keyrings
[    2.294590] workingset: timestamp_bits=46 max_order=16 bucket_order=0
[    2.313652] NFS: Registering the id_resolver key type
[    2.325047] Key type id_resolver registered
[    2.332416] Key type id_legacy registered
[    2.340552] Key type cifs.idmap registered
[    2.362017] xor: measuring software checksum speed
[    2.369947]    prefetch64-sse  :  2800 MB/sec
[    2.376813]    generic_sse     :  3035 MB/sec
[    2.382991] xor: using function: generic_sse (3035 MB/sec)
[    2.390505] Key type asymmetric registered
[    2.396432] Asymmetric key parser 'x509' registered
[    2.404146] Block layer SCSI generic (bsg) driver version 0.4 loaded (major 250)
[    2.415959] io scheduler mq-deadline registered
[    2.425880] io scheduler kyber registered
[    2.440641] input: Power Button as /devices/LNXSYSTM:00/LNXPWRBN:00/input/input0
[    2.457286] ACPI: button: Power Button [PWRF]
[    2.466603] ACPI: \_SB_.GSIG: Enabled at IRQ 22
[    2.476159] ACPI: \_SB_.GSIH: Enabled at IRQ 23
[    2.483618] ACPI: \_SB_.GSIE: Enabled at IRQ 20
[    2.491052] Serial: 8250/16550 driver, 4 ports, IRQ sharing disabled
[    2.500065] 00:03: ttyS1 at I/O 0x2f8 (irq = 3, base_baud = 115200) is a 16550A
[    2.509234] 00:04: ttyS0 at I/O 0x3f8 (irq = 4, base_baud = 115200) is a 16550A
[    2.524178] Linux agpgart interface v0.103
[    2.529915] bochs-drm 0000:00:01.0: vgaarb: deactivate vga console
[    2.537256] Console: switching to colour dummy device 80x25
[    2.545455] [drm] Found bochs VGA, ID 0xb0c5.
[    2.569385] [drm] Framebuffer size 16384 kB @ 0xfd000000, mmio @ 0xfebd0000.
[    2.583003] [drm] Found EDID data blob.
[    2.591148] [drm] Initialized bochs-drm 1.0.0 20130925 for 0000:00:01.0 on minor 0
[    2.615445] fbcon: bochs-drmdrmfb (fb0) is primary device
[    2.641258] Console: switching to colour frame buffer device 128x48
[    2.658988] bochs-drm 0000:00:01.0: [drm] fb0: bochs-drmdrmfb frame buffer device
[    2.694571] brd: module loaded
[    2.710119] loop: module loaded
[    2.719748] virtio_blk virtio2: [vda] 257972 512-byte logical blocks (132 MB/126 MiB)
[    2.740021] ahci 0000:00:1f.2: AHCI 0001.0000 32 slots 6 ports 1.5 Gbps 0x3f impl SATA mode
[    2.748514] ahci 0000:00:1f.2: flags: 64bit ncq only 
[    2.759843] scsi host0: ahci
[    2.765300] scsi host1: ahci
[    2.768941] scsi host2: ahci
[    2.772987] scsi host3: ahci
[    2.777240] scsi host4: ahci
[    2.781158] scsi host5: ahci
[    2.785212] ata1: SATA max UDMA/133 abar m4096@0xfebd4000 port 0xfebd4100 irq 29
[    2.793419] ata2: SATA max UDMA/133 abar m4096@0xfebd4000 port 0xfebd4180 irq 29
[    2.801024] ata3: SATA max UDMA/133 abar m4096@0xfebd4000 port 0xfebd4200 irq 29
[    2.809544] ata4: SATA max UDMA/133 abar m4096@0xfebd4000 port 0xfebd4280 irq 29
[    2.816467] ata5: SATA max UDMA/133 abar m4096@0xfebd4000 port 0xfebd4300 irq 29
[    2.823193] ata6: SATA max UDMA/133 abar m4096@0xfebd4000 port 0xfebd4380 irq 29
[    2.836815] e100: Intel(R) PRO/100 Network Driver
[    2.842022] e100: Copyright(c) 1999-2006 Intel Corporation
[    2.846911] e1000: Intel(R) PRO/1000 Network Driver
[    2.851468] e1000: Copyright (c) 1999-2006 Intel Corporation.
[    2.856973] e1000e: Intel(R) PRO/1000 Network Driver
[    2.861080] e1000e: Copyright(c) 1999 - 2015 Intel Corporation.
[    2.867396] igb: Intel(R) Gigabit Ethernet Network Driver
[    2.872245] igb: Copyright (c) 2007-2014 Intel Corporation.
[    2.877154] ehci_hcd: USB 2.0 'Enhanced' Host Controller (EHCI) Driver
[    2.883985] ehci-pci: EHCI PCI platform driver
[    2.900266] ehci-pci 0000:00:1d.7: EHCI Host Controller
[    2.906126] ehci-pci 0000:00:1d.7: new USB bus registered, assigned bus number 1
[    2.936233] ehci-pci 0000:00:1d.7: irq 19, io mem 0xfebd3000
[    2.955773] ehci-pci 0000:00:1d.7: USB 2.0 started, EHCI 1.00
[    2.969091] hub 1-0:1.0: USB hub found
[    2.973545] hub 1-0:1.0: 6 ports detected
[    2.981262] ohci_hcd: USB 1.1 'Open' Host Controller (OHCI) Driver
[    2.987525] ohci-pci: OHCI PCI platform driver
[    2.992021] uhci_hcd: USB Universal Host Controller Interface driver
[    3.000282] uhci_hcd 0000:00:1d.0: UHCI Host Controller
[    3.006232] uhci_hcd 0000:00:1d.0: new USB bus registered, assigned bus number 2
[    3.014822] uhci_hcd 0000:00:1d.0: irq 16, io base 0x0000c100
[    3.022247] hub 2-0:1.0: USB hub found
[    3.033788] hub 2-0:1.0: 2 ports detected
[    3.080957] uhci_hcd 0000:00:1d.1: UHCI Host Controller
[    3.088262] uhci_hcd 0000:00:1d.1: new USB bus registered, assigned bus number 3
[    3.098954] uhci_hcd 0000:00:1d.1: irq 17, io base 0x0000c120
[    3.108690] hub 3-0:1.0: USB hub found
[    3.115541] hub 3-0:1.0: 2 ports detected
[    3.122976] uhci_hcd 0000:00:1d.2: UHCI Host Controller
[    3.130569] uhci_hcd 0000:00:1d.2: new USB bus registered, assigned bus number 4
[    3.140810] uhci_hcd 0000:00:1d.2: irq 18, io base 0x0000c140
[    3.149569] hub 4-0:1.0: USB hub found
[    3.155026] hub 4-0:1.0: 2 ports detected
[    3.161774] usbcore: registered new interface driver usb-storage
[    3.171256] usbcore: registered new interface driver usbserial_generic
[    3.179748] usbserial: USB Serial support registered for generic
[    3.188168] usbcore: registered new interface driver ftdi_sio
[    3.196056] usbserial: USB Serial support registered for FTDI USB Serial Device
[    3.205804] ata6: SATA link down (SStatus 0 SControl 300)
[    3.205922] usbcore: registered new interface driver pl2303
[    3.222217] usbserial: USB Serial support registered for pl2303
[    3.231036] i8042: PNP: PS/2 Controller [PNP0303:KBD,PNP0f13:MOU] at 0x60,0x64 irq 1,12
[    3.243063] ata4: SATA link down (SStatus 0 SControl 300)
[    3.262799] ata2: SATA link down (SStatus 0 SControl 300)
[    3.270259] ata1: SATA link down (SStatus 0 SControl 300)
[    3.277987] ata3: SATA link up 1.5 Gbps (SStatus 113 SControl 300)
[    3.295177] tsc: Refined TSC clocksource calibration: 3609.530 MHz
[    3.295340] usb 1-1: new high-speed USB device number 2 using ehci-pci
[    3.304864] clocksource: tsc: mask: 0xffffffffffffffff max_cycles: 0x34077e604ca, max_idle_ns: 440795323081 ns
[    3.328774] serio: i8042 KBD port at 0x60,0x64 irq 1
[    3.328797] clocksource: Switched to clocksource tsc
[    3.342156] serio: i8042 AUX port at 0x60,0x64 irq 12
[    3.343353] ata3.00: ATAPI: QEMU DVD-ROM, 2.5+, max UDMA/100
[    3.358761] ata3.00: applying bridge limits
[    3.364102] mousedev: PS/2 mouse device common for all mice
[    3.371812] ata5: SATA link down (SStatus 0 SControl 300)
[    3.379568] ata3.00: configured for UDMA/100
[    3.388068] rtc_cmos 00:05: RTC can wake from S4
[    3.388366] input: AT Translated Set 2 keyboard as /devices/platform/i8042/serio0/input/input1
[    3.411244] rtc_cmos 00:05: registered as rtc0
[    3.418550] scsi 2:0:0:0: CD-ROM            QEMU     QEMU DVD-ROM     2.5+ PQ: 0 ANSI: 5
[    3.418438] rtc_cmos 00:05: setting system clock to 2026-05-31T23:11:38 UTC (1780269098)
[    3.436505] rtc_cmos 00:05: alarms up to one day, y3k, 242 bytes nvram, hpet irqs
[    3.450573] i801_smbus 0000:00:1f.3: SMBus using PCI interrupt
[    3.464903] i2c i2c-0: 1/1 memory slots populated (from DMI)
[    3.474786] i2c i2c-0: Memory type 0x07 not supported yet, not instantiating SPD
[    3.486703] sr 2:0:0:0: [sr0] scsi3-mmc drive: 4x/4x cd/rw xa/form2 tray
[    3.495598] cdrom: Uniform CD-ROM driver Revision: 3.20
[    3.502482] device-mapper: ioctl: 4.45.0-ioctl (2021-03-22) initialised: dm-devel@redhat.com
[    3.520859] intel_pstate: CPU model not supported
[    3.527729] sdhci: Secure Digital Host Controller Interface driver
[    3.534810] sdhci: Copyright(c) Pierre Ossman
[    3.540305] sdhci-pltfm: SDHCI platform and OF driver helper
[    3.560622] input: QEMU QEMU USB Tablet as /devices/pci0000:00/0000:00:1d.7/usb1/1-1/1-1:1.0/0003:0627:0001.0001/input/input4
[    3.572757] hid-generic 0003:0627:0001.0001: input: USB HID v0.01 Mouse [QEMU QEMU USB Tablet] on usb-0000:00:1d.7-1/input0
[    3.583824] usbcore: registered new interface driver usbhid
[    3.589136] usbhid: USB HID core driver
[    3.593048] u32 classifier
[    3.595799]     input device check on
[    3.598941]     Actions configured
[    3.603463] NET: Registered PF_INET6 protocol family
[    3.616596] Segment Routing with IPv6
[    3.620696] In-situ OAM (IOAM) with IPv6
[    3.624935] sit: IPv6, IPv4 and MPLS over IPv4 tunneling driver
[    3.632579] NET: Registered PF_PACKET protocol family
[    3.638051] Bridge firewalling registered
[    3.642755] Key type dns_resolver registered
[    3.648172] NET: Registered PF_VSOCK protocol family
[    3.656410] IPI shorthand broadcast: enabled
[    3.661068] sched_clock: Marking stable (2958365651, 702321219)->(4817934814, -1157247944)
[    3.669783] Loading compiled-in X.509 certificates
[    3.675153] Key type .fscrypt registered
[    3.679261] Key type fscrypt-provisioning registered
[    3.687819] Btrfs loaded, crc32c=crc32c-generic, zoned=no, fsverity=no
[    3.708136] Key type encrypted registered
[    3.714064] printk: console [netcon0] enabled
[    3.718820] netconsole: network logging started
[    3.864476] input: ImExPS/2 Generic Explorer Mouse as /devices/platform/i8042/serio1/input/input3
[    3.901761] Sending DHCP requests ., OK
[    3.929447] IP-Config: Got DHCP answer from 10.0.2.2, my address is 10.0.2.15
[    3.945928] IP-Config: Complete:
[    3.952406]      device=eth0, hwaddr=52:54:00:12:35:02, ipaddr=10.0.2.15, mask=255.255.255.0, gw=10.0.2.2
[    3.974473]      host=10.0.2.15, domain=, nis-domain=(none)
[    3.982308]      bootserver=10.0.2.2, rootserver=10.0.2.2, rootpath=
[    3.982399]      nameserver0=10.0.2.3
[    3.999139] clk: Disabling unused clocks
[    4.009301] md: Waiting for all devices to be available before autodetect
[    4.127221] md: If you don't use raid, use raid=noautodetect
[    4.141919] md: Autodetecting RAID arrays.
[    4.147672] md: autorun ...
[    4.151877] md: ... autorun DONE.
[    4.207931] EXT4-fs (vda): recovery complete
[    4.223162] EXT4-fs (vda): mounted filesystem with ordered data mode. Opts: (null). Quota mode: disabled.
[    4.237811] VFS: Mounted root (ext4 filesystem) on device 253:0.
[    4.248225] devtmpfs: mounted
[    4.442758] Freeing unused kernel image (initmem) memory: 1908K
[    4.453754] Write protecting the kernel read-only data: 22528k
[    4.463442] Freeing unused kernel image (text/rodata gap) memory: 2036K
[    4.469881] Freeing unused kernel image (rodata/data gap) memory: 448K
[    4.476496] Run /sbin/init as init process
INIT: version 3.01 booting
Starting udev
[    5.610968] udevd[157]: starting version 3.2.10
[    5.704556] udevd[158]: starting eudev-3.2.10
[    6.408589] EXT4-fs (vda): re-mounted. Opts: (null). Quota mode: disabled.
INIT: Entering runlevel: 5
Configuring network interfaces... ip: RTNETLINK answers: File exists
Starting OpenBSD Secure Shell server: sshd
done.
Starting syslogd/klogd: done

Poky (Yocto Project Reference Distro) 4.0.35 qemux86-64 /dev/ttyS0

qemux86-64 login: runqemu - INFO - Cleaning up
runqemu - INFO - Host uptime: 4105.62

[?7hrunqemu - INFO - Running bitbake -e ...
runqemu - INFO - Continuing with the following parameters:
KERNEL: [/home/tomlocal/colosseum-yocto/build/tmp/deploy/images/qemux86-64/bzImage]
MACHINE: [qemux86-64]
FSTYPE: [ext4]
ROOTFS: [/home/tomlocal/colosseum-yocto/build/tmp/deploy/images/qemux86-64/colosseum-qemu-image-qemux86-64.ext4]
CONFFILE: [/home/tomlocal/colosseum-yocto/build/tmp/deploy/images/qemux86-64/colosseum-qemu-image-qemux86-64.qemuboot.conf]

runqemu - INFO - Network configuration: ip=dhcp
runqemu - INFO - Port forward: hostfwd=tcp::2222-:22
runqemu - INFO - Running /home/tomlocal/colosseum-yocto/build/tmp/work/x86_64-linux/qemu-helper-native/1.0-r1/recipe-sysroot-native/usr/bin/qemu-system-x86_64 -device virtio-net-pci,netdev=net0,mac=52:54:00:12:35:02 -netdev user,id=net0,hostfwd=tcp::2222-:22 -object rng-random,filename=/dev/urandom,id=rng0 -device virtio-rng-pci,rng=rng0 -drive file=/home/tomlocal/colosseum-yocto/build/tmp/deploy/images/qemux86-64/colosseum-qemu-image-qemux86-64.ext4,if=virtio,format=raw -usb -device usb-tablet   -cpu IvyBridge -machine q35 -smp 4 -m 256 -serial mon:stdio -serial null -nographic  -kernel /home/tomlocal/colosseum-yocto/build/tmp/deploy/images/qemux86-64/bzImage -append 'root=/dev/vda rw  ip=dhcp console=ttyS0 console=ttyAMA0 console=ttyAMA1 oprofile.timer=1 tsc=reliable no_timer_check rcupdate.rcu_expedited=1 '

runqemu - INFO - Host uptime: 4113.59

c[?7l[2J[0mSeaBIOS (version rel-1.15.0-0-g2dd4b9b3f840-prebuilt.qemu.org)


iPXE (http://ipxe.org) 00:02.0 CA00 PCI2.10 PnP PMM+0FF8C650+0FEEC650 CA00
Press Ctrl-B to configure iPXE (PCI 00:02.0)...                                                                               


Booting from ROM..c[?7l[2J[    0.000000] Linux version 5.15.201-yocto-standard (oe-user@oe-host) (x86_64-poky-linux-gcc (GCC) 11.5.0, GNU ld (GNU Binutils) 2.38.20220708) #1 SMP PREEMPT Mon Feb 23 04:44:11 UTC 2026
[    0.000000] Command line: root=/dev/vda rw  ip=dhcp console=ttyS0 console=ttyAMA0 console=ttyAMA1 oprofile.timer=1 tsc=reliable no_timer_check rcupdate.rcu_expedited=1 
[    0.000000] BIOS-provided physical RAM map:
[    0.000000] BIOS-e820: [mem 0x0000000000000000-0x000000000009fbff] usable
[    0.000000] BIOS-e820: [mem 0x000000000009fc00-0x000000000009ffff] reserved
[    0.000000] BIOS-e820: [mem 0x00000000000f0000-0x00000000000fffff] reserved
[    0.000000] BIOS-e820: [mem 0x0000000000100000-0x000000000ffd7fff] usable
[    0.000000] BIOS-e820: [mem 0x000000000ffd8000-0x000000000fffffff] reserved
[    0.000000] BIOS-e820: [mem 0x00000000b0000000-0x00000000bfffffff] reserved
[    0.000000] BIOS-e820: [mem 0x00000000fed1c000-0x00000000fed1ffff] reserved
[    0.000000] BIOS-e820: [mem 0x00000000fffc0000-0x00000000ffffffff] reserved
[    0.000000] NX (Execute Disable) protection: active
[    0.000000] SMBIOS 2.8 present.
[    0.000000] DMI: QEMU Standard PC (Q35 + ICH9, 2009), BIOS rel-1.15.0-0-g2dd4b9b3f840-prebuilt.qemu.org 04/01/2014
[    0.000000] last_pfn = 0xffd8 max_arch_pfn = 0x400000000
[    0.000000] x86/PAT: Configuration [0-7]: WB  WC  UC- UC  WB  WP  UC- WT  
[    0.000000] found SMP MP-table at [mem 0x000f5b70-0x000f5b7f]
[    0.000000] ACPI: Early table checksum verification disabled
[    0.000000] ACPI: RSDP 0x00000000000F59A0 000014 (v00 BOCHS )
[    0.000000] ACPI: RSDT 0x000000000FFE2439 000038 (v01 BOCHS  BXPC     00000001 BXPC 00000001)
[    0.000000] ACPI: FACP 0x000000000FFE2219 0000F4 (v03 BOCHS  BXPC     00000001 BXPC 00000001)
[    0.000000] ACPI: DSDT 0x000000000FFE0040 0021D9 (v01 BOCHS  BXPC     00000001 BXPC 00000001)
[    0.000000] ACPI: FACS 0x000000000FFE0000 000040
[    0.000000] ACPI: APIC 0x000000000FFE230D 000090 (v01 BOCHS  BXPC     00000001 BXPC 00000001)
[    0.000000] ACPI: HPET 0x000000000FFE239D 000038 (v01 BOCHS  BXPC     00000001 BXPC 00000001)
[    0.000000] ACPI: MCFG 0x000000000FFE23D5 00003C (v01 BOCHS  BXPC     00000001 BXPC 00000001)
[    0.000000] ACPI: WAET 0x000000000FFE2411 000028 (v01 BOCHS  BXPC     00000001 BXPC 00000001)
[    0.000000] ACPI: Reserving FACP table memory at [mem 0xffe2219-0xffe230c]
[    0.000000] ACPI: Reserving DSDT table memory at [mem 0xffe0040-0xffe2218]
[    0.000000] ACPI: Reserving FACS table memory at [mem 0xffe0000-0xffe003f]
[    0.000000] ACPI: Reserving APIC table memory at [mem 0xffe230d-0xffe239c]
[    0.000000] ACPI: Reserving HPET table memory at [mem 0xffe239d-0xffe23d4]
[    0.000000] ACPI: Reserving MCFG table memory at [mem 0xffe23d5-0xffe2410]
[    0.000000] ACPI: Reserving WAET table memory at [mem 0xffe2411-0xffe2438]
[    0.000000] Zone ranges:
[    0.000000]   DMA      [mem 0x0000000000001000-0x0000000000ffffff]
[    0.000000]   DMA32    [mem 0x0000000001000000-0x000000000ffd7fff]
[    0.000000]   Normal   empty
[    0.000000] Movable zone start for each node
[    0.000000] Early memory node ranges
[    0.000000]   node   0: [mem 0x0000000000001000-0x000000000009efff]
[    0.000000]   node   0: [mem 0x0000000000100000-0x000000000ffd7fff]
[    0.000000] Initmem setup node 0 [mem 0x0000000000001000-0x000000000ffd7fff]
[    0.000000] On node 0, zone DMA: 1 pages in unavailable ranges
[    0.000000] On node 0, zone DMA: 97 pages in unavailable ranges
[    0.000000] On node 0, zone DMA32: 40 pages in unavailable ranges
[    0.000000] ACPI: PM-Timer IO Port: 0x608
[    0.000000] ACPI: LAPIC_NMI (acpi_id[0xff] dfl dfl lint[0x1])
[    0.000000] IOAPIC[0]: apic_id 0, version 32, address 0xfec00000, GSI 0-23
[    0.000000] ACPI: INT_SRC_OVR (bus 0 bus_irq 0 global_irq 2 dfl dfl)
[    0.000000] ACPI: INT_SRC_OVR (bus 0 bus_irq 5 global_irq 5 high level)
[    0.000000] ACPI: INT_SRC_OVR (bus 0 bus_irq 9 global_irq 9 high level)
[    0.000000] ACPI: INT_SRC_OVR (bus 0 bus_irq 10 global_irq 10 high level)
[    0.000000] ACPI: INT_SRC_OVR (bus 0 bus_irq 11 global_irq 11 high level)
[    0.000000] ACPI: Using ACPI (MADT) for SMP configuration information
[    0.000000] ACPI: HPET id: 0x8086a201 base: 0xfed00000
[    0.000000] smpboot: Allowing 4 CPUs, 0 hotplug CPUs
[    0.000000] [mem 0x10000000-0xafffffff] available for PCI devices
[    0.000000] Booting paravirtualized kernel on bare hardware
[    0.000000] clocksource: refined-jiffies: mask: 0xffffffff max_cycles: 0xffffffff, max_idle_ns: 1910969940391419 ns
[    0.000000] setup_percpu: NR_CPUS:64 nr_cpumask_bits:64 nr_cpu_ids:4 nr_node_ids:1
[    0.000000] percpu: Embedded 54 pages/cpu s182360 r8192 d30632 u524288
[    0.000000] Built 1 zonelists, mobility grouping on.  Total pages: 64216
[    0.000000] Kernel command line: root=/dev/vda rw  ip=dhcp console=ttyS0 console=ttyAMA0 console=ttyAMA1 oprofile.timer=1 tsc=reliable no_timer_check rcupdate.rcu_expedited=1 
[    0.000000] Dentry cache hash table entries: 32768 (order: 6, 262144 bytes, linear)
[    0.000000] Inode-cache hash table entries: 16384 (order: 5, 131072 bytes, linear)
[    0.000000] mem auto-init: stack:off, heap alloc:off, heap free:off
[    0.000000] Memory: 224520K/261592K available (16395K kernel code, 2131K rwdata, 3648K rodata, 1908K init, 1940K bss, 36812K reserved, 0K cma-reserved)
[    0.000000] SLUB: HWalign=64, Order=0-3, MinObjects=0, CPUs=4, Nodes=1
[    0.000000] Kernel/User page tables isolation: enabled
[    0.000000] ftrace: allocating 45714 entries in 179 pages
[    0.000000] ftrace: allocated 179 pages with 5 groups
[    0.000000] rcu: Preemptible hierarchical RCU implementation.
[    0.000000] rcu: 	RCU restricting CPUs from NR_CPUS=64 to nr_cpu_ids=4.
[    0.000000] 	All grace periods are expedited (rcu_expedited).
[    0.000000] 	Trampoline variant of Tasks RCU enabled.
[    0.000000] 	Rude variant of Tasks RCU enabled.
[    0.000000] 	Tracing variant of Tasks RCU enabled.
[    0.000000] rcu: RCU calculated value of scheduler-enlistment delay is 100 jiffies.
[    0.000000] rcu: Adjusting geometry for rcu_fanout_leaf=16, nr_cpu_ids=4
[    0.000000] NR_IRQS: 4352, nr_irqs: 456, preallocated irqs: 16
[    0.000000] kfence: initialized - using 2097152 bytes for 255 objects at 0x(____ptrval____)-0x(____ptrval____)
[    0.000000] random: crng init done
[    0.000000] Console: colour VGA+ 80x25
[    0.000000] printk: console [ttyS0] enabled
[    0.000000] ACPI: Core revision 20210730
[    0.000000] clocksource: hpet: mask: 0xffffffff max_cycles: 0xffffffff, max_idle_ns: 19112604467 ns
[    0.003000] APIC: Switch to symmetric I/O mode setup
[    0.008000] ..TIMER: vector=0x30 apic1=0 pin1=2 apic2=-1 pin2=-1
[    0.011000] tsc: Unable to calibrate against PIT
[    0.012000] tsc: using HPET reference calibration
[    0.014000] tsc: Detected 3609.435 MHz processor
[    0.000339] clocksource: tsc-early: mask: 0xffffffffffffffff max_cycles: 0x340723d5d73, max_idle_ns: 440795232844 ns
[    0.013871] Calibrating delay loop (skipped), value calculated using timer frequency.. 7218.87 BogoMIPS (lpj=3609435)
[    0.019517] Last level iTLB entries: 4KB 0, 2MB 0, 4MB 0
[    0.019758] Last level dTLB entries: 4KB 0, 2MB 0, 4MB 0, 1GB 0
[    0.021955] Spectre V1 : Mitigation: usercopy/swapgs barriers and __user pointer sanitization
[    0.023001] Spectre V2 : Mitigation: Retpolines
[    0.023751] Spectre V2 : Spectre v2 / SpectreRSB: Filling RSB on context switch and VMEXIT
[    0.024813] Speculative Store Bypass: Vulnerable
[    0.026060] MDS: Vulnerable: Clear CPU buffers attempted, no microcode
[    0.026751] MMIO Stale Data: Unknown: No mitigations
[    0.027858] SRBDS: Unknown: Dependent on hypervisor status
[    0.028850] active return thunk: its_return_thunk
[    0.029736] ITS: Mitigation: Aligned branch/return thunks
[    0.031599] x86/fpu: Supporting XSAVE feature 0x001: 'x87 floating point registers'
[    0.035975] x86/fpu: Supporting XSAVE feature 0x002: 'SSE registers'
[    0.036888] x86/fpu: Enabled xstate features 0x3, context size is 576 bytes, using 'standard' format.
[    0.127778] Freeing SMP alternatives memory: 52K
[    0.128945] pid_max: default: 32768 minimum: 301
[    0.133590] LSM: Security Framework initializing
[    0.135579] landlock: Up and running.
[    0.140388] Mount-cache hash table entries: 512 (order: 0, 4096 bytes, linear)
[    0.140825] Mountpoint-cache hash table entries: 512 (order: 0, 4096 bytes, linear)
[    0.270712] smpboot: CPU0: Intel Xeon E3-12xx v2 (Ivy Bridge) (family: 0x6, model: 0x3a, stepping: 0x9)
[    0.280584] Performance Events: unsupported p6 CPU model 58 no PMU driver, software events only.
[    0.282924] signal: max sigframe size: 1520
[    0.284834] rcu: Hierarchical SRCU implementation.
[    0.292658] smp: Bringing up secondary CPUs ...
[    0.299290] x86: Booting SMP configuration:
[    0.299842] .... node  #0, CPUs:      #1 #2 #3
[    0.316828] smp: Brought up 1 node, 4 CPUs
[    0.320427] smpboot: Max logical packages: 1
[    0.322200] smpboot: Total of 4 processors activated (28875.48 BogoMIPS)
[    0.334924] devtmpfs: initialized
[    0.343842] clocksource: jiffies: mask: 0xffffffff max_cycles: 0xffffffff, max_idle_ns: 1911260446275000 ns
[    0.345982] futex hash table entries: 1024 (order: 4, 65536 bytes, linear)
[    0.348955] pinctrl core: initialized pinctrl subsystem
[    0.359973] NET: Registered PF_NETLINK/PF_ROUTE protocol family
[    0.365926] thermal_sys: Registered thermal governor 'step_wise'
[    0.365977] thermal_sys: Registered thermal governor 'user_space'
[    0.367947] cpuidle: using governor menu
[    0.370796] ACPI: bus type PCI registered
[    0.374021] PCI: MMCONFIG for domain 0000 [bus 00-ff] at [mem 0xb0000000-0xbfffffff] (base 0xb0000000)
[    0.377168] PCI: MMCONFIG at [mem 0xb0000000-0xbfffffff] reserved in E820
[    0.381845] PCI: Using configuration type 1 for base access
[    0.385216] mtrr: your CPUs had inconsistent fixed MTRR settings
[    0.387726] mtrr: your CPUs had inconsistent variable MTRR settings
[    0.388763] mtrr: your CPUs had inconsistent MTRRdefType settings
[    0.389730] mtrr: probably your BIOS does not setup all CPUs.
[    0.390728] mtrr: corrected configuration.
[    0.406218] kprobes: kprobe jump-optimization is enabled. All kprobes are optimized if possible.
[    0.447142] raid6: sse2x4   gen()  1123 MB/s
[    0.466132] raid6: sse2x4   xor()   681 MB/s
[    0.484092] raid6: sse2x2   gen()  1319 MB/s
[    0.502087] raid6: sse2x2   xor()   588 MB/s
[    0.519145] raid6: sse2x1   gen()  1070 MB/s
[    0.536095] raid6: sse2x1   xor()   531 MB/s
[    0.539775] raid6: using algorithm sse2x2 gen() 1319 MB/s
[    0.540778] raid6: .... xor() 588 MB/s, rmw enabled
[    0.542861] raid6: using ssse3x2 recovery algorithm
[    0.544626] ACPI: Added _OSI(Module Device)
[    0.544782] ACPI: Added _OSI(Processor Device)
[    0.546739] ACPI: Added _OSI(Processor Aggregator Device)
[    0.547855] ACPI: Added _OSI(Linux-Dell-Video)
[    0.549729] ACPI: Added _OSI(Linux-Lenovo-NV-HDMI-Audio)
[    0.549729] ACPI: Added _OSI(Linux-HPI-Hybrid-Graphics)
[    0.566756] ACPI: 1 ACPI AML tables successfully acquired and loaded
[    0.585040] ACPI: Interpreter enabled
[    0.586463] ACPI: PM: (supports S0 S3 S5)
[    0.586806] ACPI: Using IOAPIC for interrupt routing
[    0.589159] PCI: Using host bridge windows from ACPI; if necessary, use "pci=nocrs" and report a bug
[    0.591705] ACPI: Enabled 2 GPEs in block 00 to 3F
[    0.616159] ACPI: PCI Root Bridge [PCI0] (domain 0000 [bus 00-ff])
[    0.617195] acpi PNP0A08:00: _OSC: OS supports [ExtendedConfig ASPM ClockPM Segments MSI HPX-Type3]
[    0.620249] acpi PNP0A08:00: _OSC: platform does not support [LTR]
[    0.622009] acpi PNP0A08:00: _OSC: OS now controls [PME PCIeCapability]
[    0.626826] PCI host bridge to bus 0000:00
[    0.627933] pci_bus 0000:00: root bus resource [io  0x0000-0x0cf7 window]
[    0.628793] pci_bus 0000:00: root bus resource [io  0x0d00-0xffff window]
[    0.629730] pci_bus 0000:00: root bus resource [mem 0x000a0000-0x000bffff window]
[    0.630712] pci_bus 0000:00: root bus resource [mem 0x10000000-0xafffffff window]
[    0.632735] pci_bus 0000:00: root bus resource [mem 0xc0000000-0xfebfffff window]
[    0.633712] pci_bus 0000:00: root bus resource [mem 0x100000000-0x8ffffffff window]
[    0.636816] pci_bus 0000:00: root bus resource [bus 00-ff]
[    0.640061] pci 0000:00:00.0: [8086:29c0] type 00 class 0x060000
[    0.645372] pci 0000:00:01.0: [1234:1111] type 00 class 0x030000
[    0.648532] pci 0000:00:01.0: reg 0x10: [mem 0xfd000000-0xfdffffff pref]
[    0.653290] pci 0000:00:01.0: reg 0x18: [mem 0xfebd0000-0xfebd0fff]
[    0.656753] pci 0000:00:01.0: reg 0x30: [mem 0xfebc0000-0xfebcffff pref]
[    0.659028] pci 0000:00:01.0: Video device with shadowed ROM at [mem 0x000c0000-0x000dffff]
[    0.661931] pci 0000:00:02.0: [1af4:1000] type 00 class 0x020000
[    0.664365] pci 0000:00:02.0: reg 0x10: [io  0xc0c0-0xc0df]
[    0.665712] pci 0000:00:02.0: reg 0x14: [mem 0xfebd1000-0xfebd1fff]
[    0.670743] pci 0000:00:02.0: reg 0x20: [mem 0xfe000000-0xfe003fff 64bit pref]
[    0.672712] pci 0000:00:02.0: reg 0x30: [mem 0xfeb80000-0xfebbffff pref]
[    0.674092] pci 0000:00:03.0: [1af4:1005] type 00 class 0x00ff00
[    0.676098] pci 0000:00:03.0: reg 0x10: [io  0xc0e0-0xc0ff]
[    0.680069] pci 0000:00:03.0: reg 0x20: [mem 0xfe004000-0xfe007fff 64bit pref]
[    0.683186] pci 0000:00:04.0: [1af4:1001] type 00 class 0x010000
[    0.685215] pci 0000:00:04.0: reg 0x10: [io  0xc000-0xc07f]
[    0.688735] pci 0000:00:04.0: reg 0x14: [mem 0xfebd2000-0xfebd2fff]
[    0.693139] pci 0000:00:04.0: reg 0x20: [mem 0xfe008000-0xfe00bfff 64bit pref]
[    0.697504] pci 0000:00:1d.0: [8086:2934] type 00 class 0x0c0300
[    0.700968] pci 0000:00:1d.0: reg 0x20: [io  0xc100-0xc11f]
[    0.704167] pci 0000:00:1d.1: [8086:2935] type 00 class 0x0c0300
[    0.706741] pci 0000:00:1d.1: reg 0x20: [io  0xc120-0xc13f]
[    0.710292] pci 0000:00:1d.2: [8086:2936] type 00 class 0x0c0300
[    0.713496] pci 0000:00:1d.2: reg 0x20: [io  0xc140-0xc15f]
[    0.717129] pci 0000:00:1d.7: [8086:293a] type 00 class 0x0c0320
[    0.720278] pci 0000:00:1d.7: reg 0x10: [mem 0xfebd3000-0xfebd3fff]
[    0.726112] pci 0000:00:1f.0: [8086:2918] type 00 class 0x060100
[    0.727318] pci 0000:00:1f.0: quirk: [io  0x0600-0x067f] claimed by ICH6 ACPI/GPIO/TCO
[    0.730143] pci 0000:00:1f.2: [8086:2922] type 00 class 0x010601
[    0.735712] pci 0000:00:1f.2: reg 0x20: [io  0xc160-0xc17f]
[    0.739199] pci 0000:00:1f.2: reg 0x24: [mem 0xfebd4000-0xfebd4fff]
[    0.742344] pci 0000:00:1f.3: [8086:2930] type 00 class 0x0c0500
[    0.746374] pci 0000:00:1f.3: reg 0x20: [io  0x0700-0x073f]
[    0.754175] ACPI: PCI: Interrupt link LNKA configured for IRQ 10
[    0.756395] ACPI: PCI: Interrupt link LNKB configured for IRQ 10
[    0.757821] ACPI: PCI: Interrupt link LNKC configured for IRQ 11
[    0.759994] ACPI: PCI: Interrupt link LNKD configured for IRQ 11
[    0.761221] ACPI: PCI: Interrupt link LNKE configured for IRQ 10
[    0.762277] ACPI: PCI: Interrupt link LNKF configured for IRQ 10
[    0.764108] ACPI: PCI: Interrupt link LNKG configured for IRQ 11
[    0.765246] ACPI: PCI: Interrupt link LNKH configured for IRQ 11
[    0.766975] ACPI: PCI: Interrupt link GSIA configured for IRQ 16
[    0.767868] ACPI: PCI: Interrupt link GSIB configured for IRQ 17
[    0.768861] ACPI: PCI: Interrupt link GSIC configured for IRQ 18
[    0.769900] ACPI: PCI: Interrupt link GSID configured for IRQ 19
[    0.770902] ACPI: PCI: Interrupt link GSIE configured for IRQ 20
[    0.771880] ACPI: PCI: Interrupt link GSIF configured for IRQ 21
[    0.773863] ACPI: PCI: Interrupt link GSIG configured for IRQ 22
[    0.774874] ACPI: PCI: Interrupt link GSIH configured for IRQ 23
[    0.781340] pci 0000:00:01.0: vgaarb: setting as boot VGA device
[    0.781712] pci 0000:00:01.0: vgaarb: VGA device added: decodes=io+mem,owns=io+mem,locks=none
[    0.781803] pci 0000:00:01.0: vgaarb: bridge control possible
[    0.782854] vgaarb: loaded
[    0.785313] SCSI subsystem initialized
[    0.787290] ACPI: bus type USB registered
[    0.788171] usbcore: registered new interface driver usbfs
[    0.789081] usbcore: registered new interface driver hub
[    0.789940] usbcore: registered new device driver usb
[    0.792136] pps_core: LinuxPPS API ver. 1 registered
[    0.792727] pps_core: Software ver. 5.3.6 - Copyright 2005-2007 Rodolfo Giometti <giometti@linux.it>
[    0.794843] PTP clock support registered
[    0.806227] Bluetooth: Core ver 2.22
[    0.807750] NET: Registered PF_BLUETOOTH protocol family
[    0.808753] Bluetooth: HCI device and connection manager initialized
[    0.809863] Bluetooth: HCI socket layer initialized
[    0.810798] Bluetooth: L2CAP socket layer initialized
[    0.812944] Bluetooth: SCO socket layer initialized
[    0.816175] PCI: Using ACPI for IRQ routing
[    0.820943] hpet0: at MMIO 0xfed00000, IRQs 2, 8, 0
[    0.821727] hpet0: 3 comparators, 64-bit 100.000000 MHz counter
[    0.827277] clocksource: Switched to clocksource tsc-early
[    0.889066] pnp: PnP ACPI init
[    0.897594] system 00:06: [mem 0xb0000000-0xbfffffff window] has been reserved
[    0.907740] pnp: PnP ACPI: found 7 devices
[    0.940240] clocksource: acpi_pm: mask: 0xffffff max_cycles: 0xffffff, max_idle_ns: 2085701024 ns
[    0.953400] NET: Registered PF_INET protocol family
[    0.960079] IP idents hash table entries: 4096 (order: 3, 32768 bytes, linear)
[    0.976805] tcp_listen_portaddr_hash hash table entries: 256 (order: 0, 4096 bytes, linear)
[    0.985995] Table-perturb hash table entries: 65536 (order: 6, 262144 bytes, linear)
[    0.994108] TCP established hash table entries: 2048 (order: 2, 16384 bytes, linear)
[    1.005807] TCP bind hash table entries: 2048 (order: 3, 32768 bytes, linear)
[    1.017228] TCP: Hash tables configured (established 2048 bind 2048)
[    1.026722] UDP hash table entries: 256 (order: 1, 8192 bytes, linear)
[    1.034716] UDP-Lite hash table entries: 256 (order: 1, 8192 bytes, linear)
[    1.043713] NET: Registered PF_UNIX/PF_LOCAL protocol family
[    1.052612] RPC: Registered named UNIX socket transport module.
[    1.060242] RPC: Registered udp transport module.
[    1.075768] RPC: Registered tcp transport module.
[    1.079801] RPC: Registered tcp NFSv4.1 backchannel transport module.
[    1.086799] pci_bus 0000:00: resource 4 [io  0x0000-0x0cf7 window]
[    1.093112] pci_bus 0000:00: resource 5 [io  0x0d00-0xffff window]
[    1.099992] pci_bus 0000:00: resource 6 [mem 0x000a0000-0x000bffff window]
[    1.107093] pci_bus 0000:00: resource 7 [mem 0x10000000-0xafffffff window]
[    1.113935] pci_bus 0000:00: resource 8 [mem 0xc0000000-0xfebfffff window]
[    1.120628] pci_bus 0000:00: resource 9 [mem 0x100000000-0x8ffffffff window]
[    1.131514] ACPI: \_SB_.GSIA: Enabled at IRQ 16
[    1.141582] pci 0000:00:1d.0: quirk_usb_early_handoff+0x0/0x6f0 took 13679 usecs
[    1.150323] ACPI: \_SB_.GSIB: Enabled at IRQ 17
[    1.157070] ACPI: \_SB_.GSIC: Enabled at IRQ 18
[    1.164366] ACPI: \_SB_.GSID: Enabled at IRQ 19
[    1.170953] PCI: CLS 0 bytes, default 64
[    1.176583] RAPL PMU: API unit is 2^-32 Joules, 0 fixed counters, 10737418240 ms ovfl timer
[    1.194038] Initialise system trusted keyrings
[    1.201355] workingset: timestamp_bits=46 max_order=16 bucket_order=0
[    1.218431] NFS: Registering the id_resolver key type
[    1.224255] Key type id_resolver registered
[    1.228576] Key type id_legacy registered
[    1.236932] Key type cifs.idmap registered
[    1.259474] xor: measuring software checksum speed
[    1.266869]    prefetch64-sse  :  2752 MB/sec
[    1.281330]    generic_sse     :  2821 MB/sec
[    1.297352] xor: using function: generic_sse (2821 MB/sec)
[    1.307008] Key type asymmetric registered
[    1.311606] Asymmetric key parser 'x509' registered
[    1.318033] Block layer SCSI generic (bsg) driver version 0.4 loaded (major 250)
[    1.327159] io scheduler mq-deadline registered
[    1.332638] io scheduler kyber registered
[    1.341182] input: Power Button as /devices/LNXSYSTM:00/LNXPWRBN:00/input/input0
[    1.475703] ACPI: button: Power Button [PWRF]
[    1.484867] ACPI: \_SB_.GSIG: Enabled at IRQ 22
[    1.504131] ACPI: \_SB_.GSIH: Enabled at IRQ 23
[    1.513015] ACPI: \_SB_.GSIE: Enabled at IRQ 20
[    1.520851] Serial: 8250/16550 driver, 4 ports, IRQ sharing disabled
[    1.547709] 00:03: ttyS1 at I/O 0x2f8 (irq = 3, base_baud = 115200) is a 16550A
[    1.559046] 00:04: ttyS0 at I/O 0x3f8 (irq = 4, base_baud = 115200) is a 16550A
[    1.577887] Linux agpgart interface v0.103
[    1.586189] bochs-drm 0000:00:01.0: vgaarb: deactivate vga console
[    1.596609] Console: switching to colour dummy device 80x25
[    1.608089] [drm] Found bochs VGA, ID 0xb0c5.
[    1.614957] [drm] Framebuffer size 16384 kB @ 0xfd000000, mmio @ 0xfebd0000.
[    1.625885] [drm] Found EDID data blob.
[    1.635373] [drm] Initialized bochs-drm 1.0.0 20130925 for 0000:00:01.0 on minor 0
[    1.662619] fbcon: bochs-drmdrmfb (fb0) is primary device
[    1.688230] Console: switching to colour frame buffer device 128x48
[    1.704494] bochs-drm 0000:00:01.0: [drm] fb0: bochs-drmdrmfb frame buffer device
[    1.745086] brd: module loaded
[    1.762625] loop: module loaded
[    1.773215] virtio_blk virtio2: [vda] 2355124 512-byte logical blocks (1.21 GB/1.12 GiB)
[    1.794965] ahci 0000:00:1f.2: AHCI 0001.0000 32 slots 6 ports 1.5 Gbps 0x3f impl SATA mode
[    1.802358] ahci 0000:00:1f.2: flags: 64bit ncq only 
[    1.813874] scsi host0: ahci
[    1.819384] scsi host1: ahci
[    1.823242] scsi host2: ahci
[    1.827393] scsi host3: ahci
[    1.830933] scsi host4: ahci
[    1.835637] scsi host5: ahci
[    1.840259] ata1: SATA max UDMA/133 abar m4096@0xfebd4000 port 0xfebd4100 irq 29
[    1.847793] ata2: SATA max UDMA/133 abar m4096@0xfebd4000 port 0xfebd4180 irq 29
[    1.854807] ata3: SATA max UDMA/133 abar m4096@0xfebd4000 port 0xfebd4200 irq 29
[    1.861334] ata4: SATA max UDMA/133 abar m4096@0xfebd4000 port 0xfebd4280 irq 29
[    1.868192] ata5: SATA max UDMA/133 abar m4096@0xfebd4000 port 0xfebd4300 irq 29
[    1.876495] ata6: SATA max UDMA/133 abar m4096@0xfebd4000 port 0xfebd4380 irq 29
[    1.891197] e100: Intel(R) PRO/100 Network Driver
[    1.897213] e100: Copyright(c) 1999-2006 Intel Corporation
[    1.903281] e1000: Intel(R) PRO/1000 Network Driver
[    1.908404] e1000: Copyright (c) 1999-2006 Intel Corporation.
[    1.914194] e1000e: Intel(R) PRO/1000 Network Driver
[    1.918544] e1000e: Copyright(c) 1999 - 2015 Intel Corporation.
[    1.924107] igb: Intel(R) Gigabit Ethernet Network Driver
[    1.930479] igb: Copyright (c) 2007-2014 Intel Corporation.
[    1.936326] ehci_hcd: USB 2.0 'Enhanced' Host Controller (EHCI) Driver
[    1.942863] ehci-pci: EHCI PCI platform driver
[    1.950894] ehci-pci 0000:00:1d.7: EHCI Host Controller
[    1.955946] ehci-pci 0000:00:1d.7: new USB bus registered, assigned bus number 1
[    1.964872] ehci-pci 0000:00:1d.7: irq 19, io mem 0xfebd3000
[    1.977147] ehci-pci 0000:00:1d.7: USB 2.0 started, EHCI 1.00
[    1.989081] hub 1-0:1.0: USB hub found
[    2.013611] hub 1-0:1.0: 6 ports detected
[    2.020959] ohci_hcd: USB 1.1 'Open' Host Controller (OHCI) Driver
[    2.027125] ohci-pci: OHCI PCI platform driver
[    2.031129] uhci_hcd: USB Universal Host Controller Interface driver
[    2.039238] uhci_hcd 0000:00:1d.0: UHCI Host Controller
[    2.045156] uhci_hcd 0000:00:1d.0: new USB bus registered, assigned bus number 2
[    2.052678] uhci_hcd 0000:00:1d.0: irq 16, io base 0x0000c100
[    2.060422] hub 2-0:1.0: USB hub found
[    2.064850] hub 2-0:1.0: 2 ports detected
[    2.073381] uhci_hcd 0000:00:1d.1: UHCI Host Controller
[    2.079526] uhci_hcd 0000:00:1d.1: new USB bus registered, assigned bus number 3
[    2.087998] uhci_hcd 0000:00:1d.1: irq 17, io base 0x0000c120
[    2.094330] hub 3-0:1.0: USB hub found
[    2.097904] hub 3-0:1.0: 2 ports detected
[    2.105713] uhci_hcd 0000:00:1d.2: UHCI Host Controller
[    2.111181] uhci_hcd 0000:00:1d.2: new USB bus registered, assigned bus number 4
[    2.119311] uhci_hcd 0000:00:1d.2: irq 18, io base 0x0000c140
[    2.126022] hub 4-0:1.0: USB hub found
[    2.129574] hub 4-0:1.0: 2 ports detected
[    2.135559] usbcore: registered new interface driver usb-storage
[    2.142162] usbcore: registered new interface driver usbserial_generic
[    2.150283] usbserial: USB Serial support registered for generic
[    2.156092] usbcore: registered new interface driver ftdi_sio
[    2.161482] usbserial: USB Serial support registered for FTDI USB Serial Device
[    2.188090] usbcore: registered new interface driver pl2303
[    2.192801] usbserial: USB Serial support registered for pl2303
[    2.195082] ata5: SATA link down (SStatus 0 SControl 300)
[    2.199902] i8042: PNP: PS/2 Controller [PNP0303:KBD,PNP0f13:MOU] at 0x60,0x64 irq 1,12
[    2.215695] tsc: Refined TSC clocksource calibration: 3609.530 MHz
[    2.221934] ata2: SATA link down (SStatus 0 SControl 300)
[    2.249097] clocksource: tsc: mask: 0xffffffffffffffff max_cycles: 0x34077e604ca, max_idle_ns: 440795323081 ns
[    2.274638] ata4: SATA link down (SStatus 0 SControl 300)
[    2.275005] clocksource: Switched to clocksource tsc
[    2.275221] usb 1-1: new high-speed USB device number 2 using ehci-pci
[    2.301248] ata6: SATA link down (SStatus 0 SControl 300)
[    2.310653] ata3: SATA link up 1.5 Gbps (SStatus 113 SControl 300)
[    2.320383] serio: i8042 KBD port at 0x60,0x64 irq 1
[    2.328033] serio: i8042 AUX port at 0x60,0x64 irq 12
[    2.328622] ata3.00: ATAPI: QEMU DVD-ROM, 2.5+, max UDMA/100
[    2.340102] ata3.00: applying bridge limits
[    2.381728] mousedev: PS/2 mouse device common for all mice
[    2.447521] ata1: SATA link down (SStatus 0 SControl 300)
[    2.454982] ata3.00: configured for UDMA/100
[    2.462614] rtc_cmos 00:05: RTC can wake from S4
[    2.469349] input: AT Translated Set 2 keyboard as /devices/platform/i8042/serio0/input/input1
[    2.483162] scsi 2:0:0:0: CD-ROM            QEMU     QEMU DVD-ROM     2.5+ PQ: 0 ANSI: 5
[    2.495108] rtc_cmos 00:05: registered as rtc0
[    2.502051] rtc_cmos 00:05: setting system clock to 2026-05-31T23:17:36 UTC (1780269456)
[    2.513861] rtc_cmos 00:05: alarms up to one day, y3k, 242 bytes nvram, hpet irqs
[    2.526207] i801_smbus 0000:00:1f.3: SMBus using PCI interrupt
[    2.534083] i2c i2c-0: 1/1 memory slots populated (from DMI)
[    2.541066] i2c i2c-0: Memory type 0x07 not supported yet, not instantiating SPD
[    2.554041] device-mapper: ioctl: 4.45.0-ioctl (2021-03-22) initialised: dm-devel@redhat.com
[    2.566367] intel_pstate: CPU model not supported
[    2.573688] sdhci: Secure Digital Host Controller Interface driver
[    2.584810] sdhci: Copyright(c) Pierre Ossman
[    2.590603] sdhci-pltfm: SDHCI platform and OF driver helper
[    2.599757] usbcore: registered new interface driver usbhid
[    2.600197] sr 2:0:0:0: [sr0] scsi3-mmc drive: 4x/4x cd/rw xa/form2 tray
[    2.608512] usbhid: USB HID core driver
[    2.622202] cdrom: Uniform CD-ROM driver Revision: 3.20
[    2.622661] u32 classifier
[    2.632761]     input device check on
[    2.633738]     Actions configured
[    2.642823] NET: Registered PF_INET6 protocol family
[    2.656964] Segment Routing with IPv6
[    2.662248] In-situ OAM (IOAM) with IPv6
[    2.668400] sit: IPv6, IPv4 and MPLS over IPv4 tunneling driver
[    2.679243] NET: Registered PF_PACKET protocol family
[    2.679828] input: QEMU QEMU USB Tablet as /devices/pci0000:00/0000:00:1d.7/usb1/1-1/1-1:1.0/0003:0627:0001.0001/input/input4
[    2.688365] Bridge firewalling registered
[    2.713137] Key type dns_resolver registered
[    2.713432] hid-generic 0003:0627:0001.0001: input: USB HID v0.01 Mouse [QEMU QEMU USB Tablet] on usb-0000:00:1d.7-1/input0
[    2.733197] NET: Registered PF_VSOCK protocol family
[    2.745807] IPI shorthand broadcast: enabled
[    2.754229] sched_clock: Marking stable (2757062815, -3287260)->(4031721772, -1277946217)
[    2.766202] Loading compiled-in X.509 certificates
[    2.773857] Key type .fscrypt registered
[    2.778862] Key type fscrypt-provisioning registered
[    2.788644] Btrfs loaded, crc32c=crc32c-generic, zoned=no, fsverity=no
[    2.810330] Key type encrypted registered
[    2.817670] printk: console [netcon0] enabled
[    2.822396] netconsole: network logging started
[    2.976400] input: ImExPS/2 Generic Explorer Mouse as /devices/platform/i8042/serio1/input/input3
[    3.012138] Sending DHCP requests ., OK
[    3.023699] IP-Config: Got DHCP answer from 10.0.2.2, my address is 10.0.2.15
[    3.031174] IP-Config: Complete:
[    3.034418]      device=eth0, hwaddr=52:54:00:12:35:02, ipaddr=10.0.2.15, mask=255.255.255.0, gw=10.0.2.2
[    3.042988]      host=10.0.2.15, domain=, nis-domain=(none)
[    3.047903]      bootserver=10.0.2.2, rootserver=10.0.2.2, rootpath=
[    3.047958]      nameserver0=10.0.2.3
[    3.062477] clk: Disabling unused clocks
[    3.071898] md: Waiting for all devices to be available before autodetect
[    3.078782] md: If you don't use raid, use raid=noautodetect
[    3.084703] md: Autodetecting RAID arrays.
[    3.089144] md: autorun ...
[    3.091729] md: ... autorun DONE.
[    3.740680] EXT4-fs (vda): mounted filesystem with ordered data mode. Opts: (null). Quota mode: disabled.
[    3.752139] VFS: Mounted root (ext4 filesystem) on device 253:0.
[    3.759983] devtmpfs: mounted
[    3.949217] Freeing unused kernel image (initmem) memory: 1908K
[    3.956358] Write protecting the kernel read-only data: 22528k
[    3.966056] Freeing unused kernel image (text/rodata gap) memory: 2036K
[    3.973915] Freeing unused kernel image (rodata/data gap) memory: 448K
[    3.981558] Run /sbin/init as init process
INIT: version 3.01 booting
Starting udev
[    5.218006] udevd[157]: starting version 3.2.10
[    5.311081] udevd[158]: starting eudev-3.2.10
[    6.075065] EXT4-fs (vda): re-mounted. Opts: (null). Quota mode: disabled.
INIT: Entering runlevel: 5
Configuring network interfaces... ip: RTNETLINK answers: File exists
Starting OpenBSD Secure Shell server: sshd
  generating ssh RSA host key...
  generating ssh ECDSA host key...
  generating ssh ED25519 host key...
done.
Starting syslogd/klogd: done

Poky (Yocto Project Reference Distro) 4.0.35 qemux86-64 /dev/ttyS0

qemux86-64 login: [  247.610046] hrtimer: interrupt took 5924226 ns
runqemu - INFO - Cleaning up
runqemu - INFO - Host uptime: 4440.19

[?7hrunqemu - INFO - Running bitbake -e ...
runqemu - INFO - Continuing with the following parameters:
KERNEL: [/home/tomlocal/colosseum-yocto/build/tmp/deploy/images/qemux86-64/bzImage]
MACHINE: [qemux86-64]
FSTYPE: [ext4]
ROOTFS: [/home/tomlocal/colosseum-yocto/build/tmp/deploy/images/qemux86-64/colosseum-qemu-image-qemux86-64.ext4]
CONFFILE: [/home/tomlocal/colosseum-yocto/build/tmp/deploy/images/qemux86-64/colosseum-qemu-image-qemux86-64.qemuboot.conf]

runqemu - INFO - Network configuration: ip=dhcp
runqemu - INFO - Port forward: hostfwd=tcp::2222-:22
runqemu - INFO - Running /home/tomlocal/colosseum-yocto/build/tmp/work/x86_64-linux/qemu-helper-native/1.0-r1/recipe-sysroot-native/usr/bin/qemu-system-x86_64 -device virtio-net-pci,netdev=net0,mac=52:54:00:12:35:02 -netdev user,id=net0,hostfwd=tcp::2222-:22 -object rng-random,filename=/dev/urandom,id=rng0 -device virtio-rng-pci,rng=rng0 -drive file=/home/tomlocal/colosseum-yocto/build/tmp/deploy/images/qemux86-64/colosseum-qemu-image-qemux86-64.ext4,if=virtio,format=raw -usb -device usb-tablet   -cpu IvyBridge -machine q35 -smp 4 -m 256 -serial mon:stdio -serial null -nographic  -kernel /home/tomlocal/colosseum-yocto/build/tmp/deploy/images/qemux86-64/bzImage -append 'root=/dev/vda rw  ip=dhcp console=ttyS0 console=ttyAMA0 console=ttyAMA1 oprofile.timer=1 tsc=reliable no_timer_check rcupdate.rcu_expedited=1 '

runqemu - INFO - Host uptime: 4443.48

c[?7l[2J[0mSeaBIOS (version rel-1.15.0-0-g2dd4b9b3f840-prebuilt.qemu.org)


iPXE (http://ipxe.org) 00:02.0 CA00 PCI2.10 PnP PMM+0FF8C650+0FEEC650 CA00
Press Ctrl-B to configure iPXE (PCI 00:02.0)...                                                                               


Booting from ROM..c[?7l[2J[    0.000000] Linux version 5.15.201-yocto-standard (oe-user@oe-host) (x86_64-poky-linux-gcc (GCC) 11.5.0, GNU ld (GNU Binutils) 2.38.20220708) #1 SMP PREEMPT Mon Feb 23 04:44:11 UTC 2026
[    0.000000] Command line: root=/dev/vda rw  ip=dhcp console=ttyS0 console=ttyAMA0 console=ttyAMA1 oprofile.timer=1 tsc=reliable no_timer_check rcupdate.rcu_expedited=1 
[    0.000000] BIOS-provided physical RAM map:
[    0.000000] BIOS-e820: [mem 0x0000000000000000-0x000000000009fbff] usable
[    0.000000] BIOS-e820: [mem 0x000000000009fc00-0x000000000009ffff] reserved
[    0.000000] BIOS-e820: [mem 0x00000000000f0000-0x00000000000fffff] reserved
[    0.000000] BIOS-e820: [mem 0x0000000000100000-0x000000000ffd7fff] usable
[    0.000000] BIOS-e820: [mem 0x000000000ffd8000-0x000000000fffffff] reserved
[    0.000000] BIOS-e820: [mem 0x00000000b0000000-0x00000000bfffffff] reserved
[    0.000000] BIOS-e820: [mem 0x00000000fed1c000-0x00000000fed1ffff] reserved
[    0.000000] BIOS-e820: [mem 0x00000000fffc0000-0x00000000ffffffff] reserved
[    0.000000] NX (Execute Disable) protection: active
[    0.000000] SMBIOS 2.8 present.
[    0.000000] DMI: QEMU Standard PC (Q35 + ICH9, 2009), BIOS rel-1.15.0-0-g2dd4b9b3f840-prebuilt.qemu.org 04/01/2014
[    0.000000] last_pfn = 0xffd8 max_arch_pfn = 0x400000000
[    0.000000] x86/PAT: Configuration [0-7]: WB  WC  UC- UC  WB  WP  UC- WT  
[    0.000000] found SMP MP-table at [mem 0x000f5b70-0x000f5b7f]
[    0.000000] ACPI: Early table checksum verification disabled
[    0.000000] ACPI: RSDP 0x00000000000F59A0 000014 (v00 BOCHS )
[    0.000000] ACPI: RSDT 0x000000000FFE2439 000038 (v01 BOCHS  BXPC     00000001 BXPC 00000001)
[    0.000000] ACPI: FACP 0x000000000FFE2219 0000F4 (v03 BOCHS  BXPC     00000001 BXPC 00000001)
[    0.000000] ACPI: DSDT 0x000000000FFE0040 0021D9 (v01 BOCHS  BXPC     00000001 BXPC 00000001)
[    0.000000] ACPI: FACS 0x000000000FFE0000 000040
[    0.000000] ACPI: APIC 0x000000000FFE230D 000090 (v01 BOCHS  BXPC     00000001 BXPC 00000001)
[    0.000000] ACPI: HPET 0x000000000FFE239D 000038 (v01 BOCHS  BXPC     00000001 BXPC 00000001)
[    0.000000] ACPI: MCFG 0x000000000FFE23D5 00003C (v01 BOCHS  BXPC     00000001 BXPC 00000001)
[    0.000000] ACPI: WAET 0x000000000FFE2411 000028 (v01 BOCHS  BXPC     00000001 BXPC 00000001)
[    0.000000] ACPI: Reserving FACP table memory at [mem 0xffe2219-0xffe230c]
[    0.000000] ACPI: Reserving DSDT table memory at [mem 0xffe0040-0xffe2218]
[    0.000000] ACPI: Reserving FACS table memory at [mem 0xffe0000-0xffe003f]
[    0.000000] ACPI: Reserving APIC table memory at [mem 0xffe230d-0xffe239c]
[    0.000000] ACPI: Reserving HPET table memory at [mem 0xffe239d-0xffe23d4]
[    0.000000] ACPI: Reserving MCFG table memory at [mem 0xffe23d5-0xffe2410]
[    0.000000] ACPI: Reserving WAET table memory at [mem 0xffe2411-0xffe2438]
[    0.000000] Zone ranges:
[    0.000000]   DMA      [mem 0x0000000000001000-0x0000000000ffffff]
[    0.000000]   DMA32    [mem 0x0000000001000000-0x000000000ffd7fff]
[    0.000000]   Normal   empty
[    0.000000] Movable zone start for each node
[    0.000000] Early memory node ranges
[    0.000000]   node   0: [mem 0x0000000000001000-0x000000000009efff]
[    0.000000]   node   0: [mem 0x0000000000100000-0x000000000ffd7fff]
[    0.000000] Initmem setup node 0 [mem 0x0000000000001000-0x000000000ffd7fff]
[    0.000000] On node 0, zone DMA: 1 pages in unavailable ranges
[    0.000000] On node 0, zone DMA: 97 pages in unavailable ranges
[    0.000000] On node 0, zone DMA32: 40 pages in unavailable ranges
[    0.000000] ACPI: PM-Timer IO Port: 0x608
[    0.000000] ACPI: LAPIC_NMI (acpi_id[0xff] dfl dfl lint[0x1])
[    0.000000] IOAPIC[0]: apic_id 0, version 32, address 0xfec00000, GSI 0-23
[    0.000000] ACPI: INT_SRC_OVR (bus 0 bus_irq 0 global_irq 2 dfl dfl)
[    0.000000] ACPI: INT_SRC_OVR (bus 0 bus_irq 5 global_irq 5 high level)
[    0.000000] ACPI: INT_SRC_OVR (bus 0 bus_irq 9 global_irq 9 high level)
[    0.000000] ACPI: INT_SRC_OVR (bus 0 bus_irq 10 global_irq 10 high level)
[    0.000000] ACPI: INT_SRC_OVR (bus 0 bus_irq 11 global_irq 11 high level)
[    0.000000] ACPI: Using ACPI (MADT) for SMP configuration information
[    0.000000] ACPI: HPET id: 0x8086a201 base: 0xfed00000
[    0.000000] smpboot: Allowing 4 CPUs, 0 hotplug CPUs
[    0.000000] [mem 0x10000000-0xafffffff] available for PCI devices
[    0.000000] Booting paravirtualized kernel on bare hardware
[    0.000000] clocksource: refined-jiffies: mask: 0xffffffff max_cycles: 0xffffffff, max_idle_ns: 1910969940391419 ns
[    0.000000] setup_percpu: NR_CPUS:64 nr_cpumask_bits:64 nr_cpu_ids:4 nr_node_ids:1
[    0.000000] percpu: Embedded 54 pages/cpu s182360 r8192 d30632 u524288
[    0.000000] Built 1 zonelists, mobility grouping on.  Total pages: 64216
[    0.000000] Kernel command line: root=/dev/vda rw  ip=dhcp console=ttyS0 console=ttyAMA0 console=ttyAMA1 oprofile.timer=1 tsc=reliable no_timer_check rcupdate.rcu_expedited=1 
[    0.000000] Dentry cache hash table entries: 32768 (order: 6, 262144 bytes, linear)
[    0.000000] Inode-cache hash table entries: 16384 (order: 5, 131072 bytes, linear)
[    0.000000] mem auto-init: stack:off, heap alloc:off, heap free:off
[    0.000000] Memory: 224520K/261592K available (16395K kernel code, 2131K rwdata, 3648K rodata, 1908K init, 1940K bss, 36812K reserved, 0K cma-reserved)
[    0.000000] SLUB: HWalign=64, Order=0-3, MinObjects=0, CPUs=4, Nodes=1
[    0.000000] Kernel/User page tables isolation: enabled
[    0.000000] ftrace: allocating 45714 entries in 179 pages
[    0.000000] ftrace: allocated 179 pages with 5 groups
[    0.000000] rcu: Preemptible hierarchical RCU implementation.
[    0.000000] rcu: 	RCU restricting CPUs from NR_CPUS=64 to nr_cpu_ids=4.
[    0.000000] 	All grace periods are expedited (rcu_expedited).
[    0.000000] 	Trampoline variant of Tasks RCU enabled.
[    0.000000] 	Rude variant of Tasks RCU enabled.
[    0.000000] 	Tracing variant of Tasks RCU enabled.
[    0.000000] rcu: RCU calculated value of scheduler-enlistment delay is 100 jiffies.
[    0.000000] rcu: Adjusting geometry for rcu_fanout_leaf=16, nr_cpu_ids=4
[    0.000000] NR_IRQS: 4352, nr_irqs: 456, preallocated irqs: 16
[    0.000000] kfence: initialized - using 2097152 bytes for 255 objects at 0x(____ptrval____)-0x(____ptrval____)
[    0.000000] random: crng init done
[    0.000000] Console: colour VGA+ 80x25
[    0.000000] printk: console [ttyS0] enabled
[    0.000000] ACPI: Core revision 20210730
[    0.000000] clocksource: hpet: mask: 0xffffffff max_cycles: 0xffffffff, max_idle_ns: 19112604467 ns
[    0.002000] APIC: Switch to symmetric I/O mode setup
[    0.008000] ..TIMER: vector=0x30 apic1=0 pin1=2 apic2=-1 pin2=-1
[    0.012000] tsc: Unable to calibrate against PIT
[    0.013000] tsc: using HPET reference calibration
[    0.014000] tsc: Detected 3609.427 MHz processor
[    0.000369] clocksource: tsc-early: mask: 0xffffffffffffffff max_cycles: 0x34071c90d99, max_idle_ns: 440795252043 ns
[    0.016196] Calibrating delay loop (skipped), value calculated using timer frequency.. 7218.85 BogoMIPS (lpj=3609427)
[    0.021368] Last level iTLB entries: 4KB 0, 2MB 0, 4MB 0
[    0.022067] Last level dTLB entries: 4KB 0, 2MB 0, 4MB 0, 1GB 0
[    0.023303] Spectre V1 : Mitigation: usercopy/swapgs barriers and __user pointer sanitization
[    0.024296] Spectre V2 : Mitigation: Retpolines
[    0.026071] Spectre V2 : Spectre v2 / SpectreRSB: Filling RSB on context switch and VMEXIT
[    0.028137] Speculative Store Bypass: Vulnerable
[    0.029364] MDS: Vulnerable: Clear CPU buffers attempted, no microcode
[    0.031122] MMIO Stale Data: Unknown: No mitigations
[    0.033130] SRBDS: Unknown: Dependent on hypervisor status
[    0.034137] active return thunk: its_return_thunk
[    0.035063] ITS: Mitigation: Aligned branch/return thunks
[    0.038374] x86/fpu: Supporting XSAVE feature 0x001: 'x87 floating point registers'
[    0.041264] x86/fpu: Supporting XSAVE feature 0x002: 'SSE registers'
[    0.042190] x86/fpu: Enabled xstate features 0x3, context size is 576 bytes, using 'standard' format.
[    0.134129] Freeing SMP alternatives memory: 52K
[    0.135236] pid_max: default: 32768 minimum: 301
[    0.139637] LSM: Security Framework initializing
[    0.141594] landlock: Up and running.
[    0.146311] Mount-cache hash table entries: 512 (order: 0, 4096 bytes, linear)
[    0.147111] Mountpoint-cache hash table entries: 512 (order: 0, 4096 bytes, linear)
[    0.279999] smpboot: CPU0: Intel Xeon E3-12xx v2 (Ivy Bridge) (family: 0x6, model: 0x3a, stepping: 0x9)
[    0.288955] Performance Events: unsupported p6 CPU model 58 no PMU driver, software events only.
[    0.291451] signal: max sigframe size: 1520
[    0.293648] rcu: Hierarchical SRCU implementation.
[    0.302150] smp: Bringing up secondary CPUs ...
[    0.307538] x86: Booting SMP configuration:
[    0.308086] .... node  #0, CPUs:      #1 #2 #3
[    0.323108] smp: Brought up 1 node, 4 CPUs
[    0.326685] smpboot: Max logical packages: 1
[    0.328500] smpboot: Total of 4 processors activated (28875.41 BogoMIPS)
[    0.341075] devtmpfs: initialized
[    0.348436] clocksource: jiffies: mask: 0xffffffff max_cycles: 0xffffffff, max_idle_ns: 1911260446275000 ns
[    0.350351] futex hash table entries: 1024 (order: 4, 65536 bytes, linear)
[    0.353247] pinctrl core: initialized pinctrl subsystem
[    0.365262] NET: Registered PF_NETLINK/PF_ROUTE protocol family
[    0.373432] thermal_sys: Registered thermal governor 'step_wise'
[    0.373531] thermal_sys: Registered thermal governor 'user_space'
[    0.375213] cpuidle: using governor menu
[    0.377460] ACPI: bus type PCI registered
[    0.380522] PCI: MMCONFIG for domain 0000 [bus 00-ff] at [mem 0xb0000000-0xbfffffff] (base 0xb0000000)
[    0.382443] PCI: MMCONFIG at [mem 0xb0000000-0xbfffffff] reserved in E820
[    0.386466] PCI: Using configuration type 1 for base access
[    0.389718] mtrr: your CPUs had inconsistent fixed MTRR settings
[    0.391070] mtrr: your CPUs had inconsistent variable MTRR settings
[    0.393025] mtrr: your CPUs had inconsistent MTRRdefType settings
[    0.393025] mtrr: probably your BIOS does not setup all CPUs.
[    0.394005] mtrr: corrected configuration.
[    0.411263] kprobes: kprobe jump-optimization is enabled. All kprobes are optimized if possible.
[    0.454276] raid6: sse2x4   gen()  1104 MB/s
[    0.473254] raid6: sse2x4   xor()   676 MB/s
[    0.491192] raid6: sse2x2   gen()  1280 MB/s
[    0.509185] raid6: sse2x2   xor()   620 MB/s
[    0.528261] raid6: sse2x1   gen()  1019 MB/s
[    0.547194] raid6: sse2x1   xor()   550 MB/s
[    0.549080] raid6: using algorithm sse2x2 gen() 1280 MB/s
[    0.551047] raid6: .... xor() 620 MB/s, rmw enabled
[    0.552191] raid6: using ssse3x2 recovery algorithm
[    0.554378] ACPI: Added _OSI(Module Device)
[    0.558091] ACPI: Added _OSI(Processor Device)
[    0.559017] ACPI: Added _OSI(Processor Aggregator Device)
[    0.559140] ACPI: Added _OSI(Linux-Dell-Video)
[    0.561046] ACPI: Added _OSI(Linux-Lenovo-NV-HDMI-Audio)
[    0.561046] ACPI: Added _OSI(Linux-HPI-Hybrid-Graphics)
[    0.579428] ACPI: 1 ACPI AML tables successfully acquired and loaded
[    0.598760] ACPI: Interpreter enabled
[    0.600756] ACPI: PM: (supports S0 S3 S5)
[    0.602047] ACPI: Using IOAPIC for interrupt routing
[    0.604481] PCI: Using host bridge windows from ACPI; if necessary, use "pci=nocrs" and report a bug
[    0.607295] ACPI: Enabled 2 GPEs in block 00 to 3F
[    0.632413] ACPI: PCI Root Bridge [PCI0] (domain 0000 [bus 00-ff])
[    0.634115] acpi PNP0A08:00: _OSC: OS supports [ExtendedConfig ASPM ClockPM Segments MSI HPX-Type3]
[    0.637375] acpi PNP0A08:00: _OSC: platform does not support [LTR]
[    0.639711] acpi PNP0A08:00: _OSC: OS now controls [PME PCIeCapability]
[    0.644318] PCI host bridge to bus 0000:00
[    0.645208] pci_bus 0000:00: root bus resource [io  0x0000-0x0cf7 window]
[    0.646095] pci_bus 0000:00: root bus resource [io  0x0d00-0xffff window]
[    0.647012] pci_bus 0000:00: root bus resource [mem 0x000a0000-0x000bffff window]
[    0.648045] pci_bus 0000:00: root bus resource [mem 0x10000000-0xafffffff window]
[    0.649048] pci_bus 0000:00: root bus resource [mem 0xc0000000-0xfebfffff window]
[    0.649999] pci_bus 0000:00: root bus resource [mem 0x100000000-0x8ffffffff window]
[    0.651217] pci_bus 0000:00: root bus resource [bus 00-ff]
[    0.654346] pci 0000:00:00.0: [8086:29c0] type 00 class 0x060000
[    0.661098] pci 0000:00:01.0: [1234:1111] type 00 class 0x030000
[    0.664144] pci 0000:00:01.0: reg 0x10: [mem 0xfd000000-0xfdffffff pref]
[    0.669615] pci 0000:00:01.0: reg 0x18: [mem 0xfebd0000-0xfebd0fff]
[    0.675592] pci 0000:00:01.0: reg 0x30: [mem 0xfebc0000-0xfebcffff pref]
[    0.677293] pci 0000:00:01.0: Video device with shadowed ROM at [mem 0x000c0000-0x000dffff]
[    0.680134] pci 0000:00:02.0: [1af4:1000] type 00 class 0x020000
[    0.682632] pci 0000:00:02.0: reg 0x10: [io  0xc0c0-0xc0df]
[    0.683999] pci 0000:00:02.0: reg 0x14: [mem 0xfebd1000-0xfebd1fff]
[    0.689712] pci 0000:00:02.0: reg 0x20: [mem 0xfe000000-0xfe003fff 64bit pref]
[    0.692026] pci 0000:00:02.0: reg 0x30: [mem 0xfeb80000-0xfebbffff pref]
[    0.696730] pci 0000:00:03.0: [1af4:1005] type 00 class 0x00ff00
[    0.698464] pci 0000:00:03.0: reg 0x10: [io  0xc0e0-0xc0ff]
[    0.703551] pci 0000:00:03.0: reg 0x20: [mem 0xfe004000-0xfe007fff 64bit pref]
[    0.707369] pci 0000:00:04.0: [1af4:1001] type 00 class 0x010000
[    0.708999] pci 0000:00:04.0: reg 0x10: [io  0xc000-0xc07f]
[    0.710472] pci 0000:00:04.0: reg 0x14: [mem 0xfebd2000-0xfebd2fff]
[    0.715999] pci 0000:00:04.0: reg 0x20: [mem 0xfe008000-0xfe00bfff 64bit pref]
[    0.719605] pci 0000:00:1d.0: [8086:2934] type 00 class 0x0c0300
[    0.722847] pci 0000:00:1d.0: reg 0x20: [io  0xc100-0xc11f]
[    0.725576] pci 0000:00:1d.1: [8086:2935] type 00 class 0x0c0300
[    0.729702] pci 0000:00:1d.1: reg 0x20: [io  0xc120-0xc13f]
[    0.734138] pci 0000:00:1d.2: [8086:2936] type 00 class 0x0c0300
[    0.736999] pci 0000:00:1d.2: reg 0x20: [io  0xc140-0xc15f]
[    0.739540] pci 0000:00:1d.7: [8086:293a] type 00 class 0x0c0320
[    0.740710] pci 0000:00:1d.7: reg 0x10: [mem 0xfebd3000-0xfebd3fff]
[    0.746290] pci 0000:00:1f.0: [8086:2918] type 00 class 0x060100
[    0.747426] pci 0000:00:1f.0: quirk: [io  0x0600-0x067f] claimed by ICH6 ACPI/GPIO/TCO
[    0.750270] pci 0000:00:1f.2: [8086:2922] type 00 class 0x010601
[    0.754944] pci 0000:00:1f.2: reg 0x20: [io  0xc160-0xc17f]
[    0.756402] pci 0000:00:1f.2: reg 0x24: [mem 0xfebd4000-0xfebd4fff]
[    0.759341] pci 0000:00:1f.3: [8086:2930] type 00 class 0x0c0500
[    0.762027] pci 0000:00:1f.3: reg 0x20: [io  0x0700-0x073f]
[    0.769205] ACPI: PCI: Interrupt link LNKA configured for IRQ 10
[    0.771320] ACPI: PCI: Interrupt link LNKB configured for IRQ 10
[    0.773488] ACPI: PCI: Interrupt link LNKC configured for IRQ 11
[    0.775549] ACPI: PCI: Interrupt link LNKD configured for IRQ 11
[    0.776566] ACPI: PCI: Interrupt link LNKE configured for IRQ 10
[    0.778150] ACPI: PCI: Interrupt link LNKF configured for IRQ 10
[    0.779523] ACPI: PCI: Interrupt link LNKG configured for IRQ 11
[    0.780492] ACPI: PCI: Interrupt link LNKH configured for IRQ 11
[    0.782238] ACPI: PCI: Interrupt link GSIA configured for IRQ 16
[    0.783182] ACPI: PCI: Interrupt link GSIB configured for IRQ 17
[    0.785126] ACPI: PCI: Interrupt link GSIC configured for IRQ 18
[    0.786161] ACPI: PCI: Interrupt link GSID configured for IRQ 19
[    0.787145] ACPI: PCI: Interrupt link GSIE configured for IRQ 20
[    0.789039] ACPI: PCI: Interrupt link GSIF configured for IRQ 21
[    0.791058] ACPI: PCI: Interrupt link GSIG configured for IRQ 22
[    0.792145] ACPI: PCI: Interrupt link GSIH configured for IRQ 23
[    0.799678] pci 0000:00:01.0: vgaarb: setting as boot VGA device
[    0.799999] pci 0000:00:01.0: vgaarb: VGA device added: decodes=io+mem,owns=io+mem,locks=none
[    0.800103] pci 0000:00:01.0: vgaarb: bridge control possible
[    0.801155] vgaarb: loaded
[    0.804842] SCSI subsystem initialized
[    0.806656] ACPI: bus type USB registered
[    0.808218] usbcore: registered new interface driver usbfs
[    0.810333] usbcore: registered new interface driver hub
[    0.812121] usbcore: registered new device driver usb
[    0.813542] pps_core: LinuxPPS API ver. 1 registered
[    0.814020] pps_core: Software ver. 5.3.6 - Copyright 2005-2007 Rodolfo Giometti <giometti@linux.it>
[    0.815188] PTP clock support registered
[    0.826410] Bluetooth: Core ver 2.22
[    0.827258] NET: Registered PF_BLUETOOTH protocol family
[    0.828075] Bluetooth: HCI device and connection manager initialized
[    0.830065] Bluetooth: HCI socket layer initialized
[    0.832128] Bluetooth: L2CAP socket layer initialized
[    0.835033] Bluetooth: SCO socket layer initialized
[    0.837501] PCI: Using ACPI for IRQ routing
[    0.843077] hpet0: at MMIO 0xfed00000, IRQs 2, 8, 0
[    0.845058] hpet0: 3 comparators, 64-bit 100.000000 MHz counter
[    0.854578] clocksource: Switched to clocksource tsc-early
[    0.927623] pnp: PnP ACPI init
[    0.937780] system 00:06: [mem 0xb0000000-0xbfffffff window] has been reserved
[    0.951883] pnp: PnP ACPI: found 7 devices
[    0.987431] clocksource: acpi_pm: mask: 0xffffff max_cycles: 0xffffff, max_idle_ns: 2085701024 ns
[    1.001464] NET: Registered PF_INET protocol family
[    1.009277] IP idents hash table entries: 4096 (order: 3, 32768 bytes, linear)
[    1.028277] tcp_listen_portaddr_hash hash table entries: 256 (order: 0, 4096 bytes, linear)
[    1.040538] Table-perturb hash table entries: 65536 (order: 6, 262144 bytes, linear)
[    1.051990] TCP established hash table entries: 2048 (order: 2, 16384 bytes, linear)
[    1.063995] TCP bind hash table entries: 2048 (order: 3, 32768 bytes, linear)
[    1.075528] TCP: Hash tables configured (established 2048 bind 2048)
[    1.085997] UDP hash table entries: 256 (order: 1, 8192 bytes, linear)
[    1.099931] UDP-Lite hash table entries: 256 (order: 1, 8192 bytes, linear)
[    1.113244] NET: Registered PF_UNIX/PF_LOCAL protocol family
[    1.125731] RPC: Registered named UNIX socket transport module.
[    1.135031] RPC: Registered udp transport module.
[    1.142929] RPC: Registered tcp transport module.
[    1.151503] RPC: Registered tcp NFSv4.1 backchannel transport module.
[    1.164319] pci_bus 0000:00: resource 4 [io  0x0000-0x0cf7 window]
[    1.175522] pci_bus 0000:00: resource 5 [io  0x0d00-0xffff window]
[    1.185530] pci_bus 0000:00: resource 6 [mem 0x000a0000-0x000bffff window]
[    1.196122] pci_bus 0000:00: resource 7 [mem 0x10000000-0xafffffff window]
[    1.205243] pci_bus 0000:00: resource 8 [mem 0xc0000000-0xfebfffff window]
[    1.216389] pci_bus 0000:00: resource 9 [mem 0x100000000-0x8ffffffff window]
[    1.249942] ACPI: \_SB_.GSIA: Enabled at IRQ 16
[    1.265007] pci 0000:00:1d.0: quirk_usb_early_handoff+0x0/0x6f0 took 18890 usecs
[    1.285241] ACPI: \_SB_.GSIB: Enabled at IRQ 17
[    1.296353] pci 0000:00:1d.1: quirk_usb_early_handoff+0x0/0x6f0 took 12060 usecs
[    1.318725] ACPI: \_SB_.GSIC: Enabled at IRQ 18
[    1.336374] pci 0000:00:1d.2: quirk_usb_early_handoff+0x0/0x6f0 took 19192 usecs
[    1.352602] ACPI: \_SB_.GSID: Enabled at IRQ 19
[    1.362976] pci 0000:00:1d.7: quirk_usb_early_handoff+0x0/0x6f0 took 11491 usecs
[    1.375456] PCI: CLS 0 bytes, default 64
[    1.383910] RAPL PMU: API unit is 2^-32 Joules, 0 fixed counters, 10737418240 ms ovfl timer
[    1.409808] Initialise system trusted keyrings
[    1.419747] workingset: timestamp_bits=46 max_order=16 bucket_order=0
[    1.444817] NFS: Registering the id_resolver key type
[    1.453808] Key type id_resolver registered
[    1.460596] Key type id_legacy registered
[    1.470705] Key type cifs.idmap registered
[    1.493330] xor: measuring software checksum speed
[    1.501850]    prefetch64-sse  :  2902 MB/sec
[    1.508937]    generic_sse     :  3192 MB/sec
[    1.516117] xor: using function: generic_sse (3192 MB/sec)
[    1.527266] Key type asymmetric registered
[    1.533940] Asymmetric key parser 'x509' registered
[    1.541596] Block layer SCSI generic (bsg) driver version 0.4 loaded (major 250)
[    1.553086] io scheduler mq-deadline registered
[    1.559227] io scheduler kyber registered
[    1.568581] input: Power Button as /devices/LNXSYSTM:00/LNXPWRBN:00/input/input0
[    1.585182] ACPI: button: Power Button [PWRF]
[    1.599207] ACPI: \_SB_.GSIG: Enabled at IRQ 22
[    1.612536] ACPI: \_SB_.GSIH: Enabled at IRQ 23
[    1.624589] ACPI: \_SB_.GSIE: Enabled at IRQ 20
[    1.640836] Serial: 8250/16550 driver, 4 ports, IRQ sharing disabled
[    1.655853] 00:03: ttyS1 at I/O 0x2f8 (irq = 3, base_baud = 115200) is a 16550A
[    1.672746] 00:04: ttyS0 at I/O 0x3f8 (irq = 4, base_baud = 115200) is a 16550A
[    1.693520] Linux agpgart interface v0.103
[    1.702231] bochs-drm 0000:00:01.0: vgaarb: deactivate vga console
[    1.712187] Console: switching to colour dummy device 80x25
[    1.727708] [drm] Found bochs VGA, ID 0xb0c5.
[    1.735216] [drm] Framebuffer size 16384 kB @ 0xfd000000, mmio @ 0xfebd0000.
[    1.749764] [drm] Found EDID data blob.
[    1.760409] [drm] Initialized bochs-drm 1.0.0 20130925 for 0000:00:01.0 on minor 0
[    1.790456] fbcon: bochs-drmdrmfb (fb0) is primary device
[    1.820590] Console: switching to colour frame buffer device 128x48
[    1.859588] bochs-drm 0000:00:01.0: [drm] fb0: bochs-drmdrmfb frame buffer device
[    1.916736] brd: module loaded
[    1.945814] loop: module loaded
[    1.961470] virtio_blk virtio2: [vda] 2355146 512-byte logical blocks (1.21 GB/1.12 GiB)
[    1.999031] ahci 0000:00:1f.2: AHCI 0001.0000 32 slots 6 ports 1.5 Gbps 0x3f impl SATA mode
[    2.012323] ahci 0000:00:1f.2: flags: 64bit ncq only 
[    2.029487] scsi host0: ahci
[    2.038667] scsi host1: ahci
[    2.045227] scsi host2: ahci
[    2.051100] scsi host3: ahci
[    2.057494] scsi host4: ahci
[    2.063693] scsi host5: ahci
[    2.068928] ata1: SATA max UDMA/133 abar m4096@0xfebd4000 port 0xfebd4100 irq 29
[    2.080334] ata2: SATA max UDMA/133 abar m4096@0xfebd4000 port 0xfebd4180 irq 29
[    2.091124] ata3: SATA max UDMA/133 abar m4096@0xfebd4000 port 0xfebd4200 irq 29
[    2.102590] ata4: SATA max UDMA/133 abar m4096@0xfebd4000 port 0xfebd4280 irq 29
[    2.113095] ata5: SATA max UDMA/133 abar m4096@0xfebd4000 port 0xfebd4300 irq 29
[    2.122885] ata6: SATA max UDMA/133 abar m4096@0xfebd4000 port 0xfebd4380 irq 29
[    2.140006] e100: Intel(R) PRO/100 Network Driver
[    2.148356] e100: Copyright(c) 1999-2006 Intel Corporation
[    2.158120] e1000: Intel(R) PRO/1000 Network Driver
[    2.166783] e1000: Copyright (c) 1999-2006 Intel Corporation.
[    2.176199] e1000e: Intel(R) PRO/1000 Network Driver
[    2.183524] e1000e: Copyright(c) 1999 - 2015 Intel Corporation.
[    2.192231] igb: Intel(R) Gigabit Ethernet Network Driver
[    2.201612] igb: Copyright (c) 2007-2014 Intel Corporation.
[    2.211648] ehci_hcd: USB 2.0 'Enhanced' Host Controller (EHCI) Driver
[    2.221758] ehci-pci: EHCI PCI platform driver
[    2.232087] ehci-pci 0000:00:1d.7: EHCI Host Controller
[    2.240612] ehci-pci 0000:00:1d.7: new USB bus registered, assigned bus number 1
[    2.254300] ehci-pci 0000:00:1d.7: irq 19, io mem 0xfebd3000
[    2.271611] ehci-pci 0000:00:1d.7: USB 2.0 started, EHCI 1.00
[    2.286627] hub 1-0:1.0: USB hub found
[    2.293854] hub 1-0:1.0: 6 ports detected
[    2.304239] ohci_hcd: USB 1.1 'Open' Host Controller (OHCI) Driver
[    2.314310] ohci-pci: OHCI PCI platform driver
[    2.322123] uhci_hcd: USB Universal Host Controller Interface driver
[    2.335302] uhci_hcd 0000:00:1d.0: UHCI Host Controller
[    2.344020] uhci_hcd 0000:00:1d.0: new USB bus registered, assigned bus number 2
[    2.355273] uhci_hcd 0000:00:1d.0: irq 16, io base 0x0000c100
[    2.365681] hub 2-0:1.0: USB hub found
[    2.371824] hub 2-0:1.0: 2 ports detected
[    2.383322] uhci_hcd 0000:00:1d.1: UHCI Host Controller
[    2.390755] uhci_hcd 0000:00:1d.1: new USB bus registered, assigned bus number 3
[    2.402764] uhci_hcd 0000:00:1d.1: irq 17, io base 0x0000c120
[    2.411524] hub 3-0:1.0: USB hub found
[    2.419560] hub 3-0:1.0: 2 ports detected
[    2.427445] uhci_hcd 0000:00:1d.2: UHCI Host Controller
[    2.435319] uhci_hcd 0000:00:1d.2: new USB bus registered, assigned bus number 4
[    2.448175] uhci_hcd 0000:00:1d.2: irq 18, io base 0x0000c140
[    2.457002] ata5: SATA link down (SStatus 0 SControl 300)
[    2.465377] tsc: Refined TSC clocksource calibration: 3609.568 MHz
[    2.475027] ata3: SATA link up 1.5 Gbps (SStatus 113 SControl 300)
[    2.484126] hub 4-0:1.0: USB hub found
[    2.489778] hub 4-0:1.0: 2 ports detected
[    2.496410] ata2: SATA link down (SStatus 0 SControl 300)
[    2.504722] ata4: SATA link down (SStatus 0 SControl 300)
[    2.504904] clocksource: tsc: mask: 0xffffffffffffffff max_cycles: 0x3407a210ac1, max_idle_ns: 440795248205 ns
[    2.546987] ata1: SATA link down (SStatus 0 SControl 300)
[    2.547944] usbcore: registered new interface driver usb-storage
[    2.548003] ata3.00: ATAPI: QEMU DVD-ROM, 2.5+, max UDMA/100
[    2.548054] ata3.00: applying bridge limits
[    2.583345] clocksource: Switched to clocksource tsc
[    2.577708] ata6: SATA link down (SStatus 0 SControl 300)
[    2.583722] usbcore: registered new interface driver usbserial_generic
[    2.591470] usb 1-1: new high-speed USB device number 2 using ehci-pci
[    2.601427] usbserial: USB Serial support registered for generic
[    2.635972] usbcore: registered new interface driver ftdi_sio
[    2.645227] usbserial: USB Serial support registered for FTDI USB Serial Device
[    2.657625] usbcore: registered new interface driver pl2303
[    2.670532] usbserial: USB Serial support registered for pl2303
[    2.683504] ata3.00: configured for UDMA/100
[    2.683793] i8042: PNP: PS/2 Controller [PNP0303:KBD,PNP0f13:MOU] at 0x60,0x64 irq 1,12
[    2.708019] serio: i8042 KBD port at 0x60,0x64 irq 1
[    2.718848] serio: i8042 AUX port at 0x60,0x64 irq 12
[    2.719497] scsi 2:0:0:0: CD-ROM            QEMU     QEMU DVD-ROM     2.5+ PQ: 0 ANSI: 5
[    2.743934] mousedev: PS/2 mouse device common for all mice
[    2.759757] input: AT Translated Set 2 keyboard as /devices/platform/i8042/serio0/input/input1
[    2.775528] rtc_cmos 00:05: RTC can wake from S4
[    2.787982] sr 2:0:0:0: [sr0] scsi3-mmc drive: 4x/4x cd/rw xa/form2 tray
[    2.789042] rtc_cmos 00:05: registered as rtc0
[    2.805974] cdrom: Uniform CD-ROM driver Revision: 3.20
[    2.816892] rtc_cmos 00:05: setting system clock to 2026-05-31T23:23:06 UTC (1780269786)
[    2.849494] rtc_cmos 00:05: alarms up to one day, y3k, 242 bytes nvram, hpet irqs
[    2.868562] i801_smbus 0000:00:1f.3: SMBus using PCI interrupt
[    2.883685] i2c i2c-0: 1/1 memory slots populated (from DMI)
[    2.894210] i2c i2c-0: Memory type 0x07 not supported yet, not instantiating SPD
[    2.910672] device-mapper: ioctl: 4.45.0-ioctl (2021-03-22) initialised: dm-devel@redhat.com
[    2.927417] intel_pstate: CPU model not supported
[    2.937445] sdhci: Secure Digital Host Controller Interface driver
[    2.947465] sdhci: Copyright(c) Pierre Ossman
[    2.956695] sdhci-pltfm: SDHCI platform and OF driver helper
[    2.979516] input: QEMU QEMU USB Tablet as /devices/pci0000:00/0000:00:1d.7/usb1/1-1/1-1:1.0/0003:0627:0001.0001/input/input4
[    2.997949] hid-generic 0003:0627:0001.0001: input: USB HID v0.01 Mouse [QEMU QEMU USB Tablet] on usb-0000:00:1d.7-1/input0
[    3.014461] usbcore: registered new interface driver usbhid
[    3.024681] usbhid: USB HID core driver
[    3.031953] u32 classifier
[    3.035607]     input device check on
[    3.041388]     Actions configured
[    3.047733] NET: Registered PF_INET6 protocol family
[    3.063772] Segment Routing with IPv6
[    3.069721] In-situ OAM (IOAM) with IPv6
[    3.075779] sit: IPv6, IPv4 and MPLS over IPv4 tunneling driver
[    3.086275] NET: Registered PF_PACKET protocol family
[    3.094808] Bridge firewalling registered
[    3.106854] Key type dns_resolver registered
[    3.116805] NET: Registered PF_VSOCK protocol family
[    3.130181] IPI shorthand broadcast: enabled
[    3.135839] sched_clock: Marking stable (3137373851, -2000741)->(4322964392, -1187591282)
[    3.148302] Loading compiled-in X.509 certificates
[    3.161454] Key type .fscrypt registered
[    3.169823] Key type fscrypt-provisioning registered
[    3.182355] Btrfs loaded, crc32c=crc32c-generic, zoned=no, fsverity=no
[    3.208334] Key type encrypted registered
[    3.220671] printk: console [netcon0] enabled
[    3.230020] netconsole: network logging started
[    3.282526] input: ImExPS/2 Generic Explorer Mouse as /devices/platform/i8042/serio1/input/input3
[    3.324602] Sending DHCP requests ., OK
[    3.336676] IP-Config: Got DHCP answer from 10.0.2.2, my address is 10.0.2.15
[    3.345977] IP-Config: Complete:
[    3.350371]      device=eth0, hwaddr=52:54:00:12:35:02, ipaddr=10.0.2.15, mask=255.255.255.0, gw=10.0.2.2
[    3.361599]      host=10.0.2.15, domain=, nis-domain=(none)
[    3.368603]      bootserver=10.0.2.2, rootserver=10.0.2.2, rootpath=
[    3.368663]      nameserver0=10.0.2.3
[    3.385233] clk: Disabling unused clocks
[    3.396119] md: Waiting for all devices to be available before autodetect
[    3.402624] md: If you don't use raid, use raid=noautodetect
[    3.408964] md: Autodetecting RAID arrays.
[    3.414121] md: autorun ...
[    3.416758] md: ... autorun DONE.
[    3.760968] EXT4-fs (vda): mounted filesystem with ordered data mode. Opts: (null). Quota mode: disabled.
[    3.776392] VFS: Mounted root (ext4 filesystem) on device 253:0.
[    3.786855] devtmpfs: mounted
[    3.989376] Freeing unused kernel image (initmem) memory: 1908K
[    3.998657] Write protecting the kernel read-only data: 22528k
[    4.011572] Freeing unused kernel image (text/rodata gap) memory: 2036K
[    4.024598] Freeing unused kernel image (rodata/data gap) memory: 448K
[    4.036025] Run /sbin/init as init process
INIT: version 3.01 booting
Starting udev
[    5.361331] udevd[156]: starting version 3.2.10
[    5.443383] udevd[157]: starting eudev-3.2.10
[    6.182266] EXT4-fs (vda): re-mounted. Opts: (null). Quota mode: disabled.
INIT: Entering runlevel: 5
Configuring network interfaces... ip: RTNETLINK answers: File exists
Starting OpenBSD Secure Shell server: sshd
  generating ssh RSA host key...
  generating ssh ECDSA host key...
  generating ssh ED25519 host key...
done.
Starting syslogd/klogd: done

Poky (Yocto Project Reference Distro) 4.0.35 qemux86-64 /dev/ttyS0

qemux86-64 login: runqemu - INFO - Cleaning up
runqemu - INFO - Host uptime: 4921.40

[?7hrunqemu - INFO - Running bitbake -e ...
runqemu - INFO - Continuing with the following parameters:
KERNEL: [/home/tomlocal/colosseum-yocto/build/tmp/deploy/images/qemux86-64/bzImage]
MACHINE: [qemux86-64]
FSTYPE: [ext4]
ROOTFS: [/home/tomlocal/colosseum-yocto/build/tmp/deploy/images/qemux86-64/colosseum-qemu-image-qemux86-64.ext4]
CONFFILE: [/home/tomlocal/colosseum-yocto/build/tmp/deploy/images/qemux86-64/colosseum-qemu-image-qemux86-64.qemuboot.conf]

runqemu - INFO - Network configuration: ip=dhcp
runqemu - INFO - Port forward: hostfwd=tcp::2222-:22
runqemu - INFO - Running /home/tomlocal/colosseum-yocto/build/tmp/work/x86_64-linux/qemu-helper-native/1.0-r1/recipe-sysroot-native/usr/bin/qemu-system-x86_64 -device virtio-net-pci,netdev=net0,mac=52:54:00:12:35:02 -netdev user,id=net0,hostfwd=tcp::2222-:22 -object rng-random,filename=/dev/urandom,id=rng0 -device virtio-rng-pci,rng=rng0 -drive file=/home/tomlocal/colosseum-yocto/build/tmp/deploy/images/qemux86-64/colosseum-qemu-image-qemux86-64.ext4,if=virtio,format=raw -usb -device usb-tablet   -cpu IvyBridge -machine q35 -smp 4 -m 256 -serial mon:stdio -serial null -nographic  -kernel /home/tomlocal/colosseum-yocto/build/tmp/deploy/images/qemux86-64/bzImage -append 'root=/dev/vda rw  ip=dhcp console=ttyS0 console=ttyAMA0 console=ttyAMA1 oprofile.timer=1 tsc=reliable no_timer_check rcupdate.rcu_expedited=1 '

runqemu - INFO - Host uptime: 4924.46

c[?7l[2J[0mSeaBIOS (version rel-1.15.0-0-g2dd4b9b3f840-prebuilt.qemu.org)


iPXE (http://ipxe.org) 00:02.0 CA00 PCI2.10 PnP PMM+0FF8C650+0FEEC650 CA00
Press Ctrl-B to configure iPXE (PCI 00:02.0)...                                                                               


Booting from ROM...
c[?7l[2J[    0.000000] Linux version 5.15.201-yocto-standard (oe-user@oe-host) (x86_64-poky-linux-gcc (GCC) 11.5.0, GNU ld (GNU Binutils) 2.38.20220708) #1 SMP PREEMPT Mon Feb 23 04:44:11 UTC 2026
[    0.000000] Command line: root=/dev/vda rw  ip=dhcp console=ttyS0 console=ttyAMA0 console=ttyAMA1 oprofile.timer=1 tsc=reliable no_timer_check rcupdate.rcu_expedited=1 
[    0.000000] BIOS-provided physical RAM map:
[    0.000000] BIOS-e820: [mem 0x0000000000000000-0x000000000009fbff] usable
[    0.000000] BIOS-e820: [mem 0x000000000009fc00-0x000000000009ffff] reserved
[    0.000000] BIOS-e820: [mem 0x00000000000f0000-0x00000000000fffff] reserved
[    0.000000] BIOS-e820: [mem 0x0000000000100000-0x000000000ffd7fff] usable
[    0.000000] BIOS-e820: [mem 0x000000000ffd8000-0x000000000fffffff] reserved
[    0.000000] BIOS-e820: [mem 0x00000000b0000000-0x00000000bfffffff] reserved
[    0.000000] BIOS-e820: [mem 0x00000000fed1c000-0x00000000fed1ffff] reserved
[    0.000000] BIOS-e820: [mem 0x00000000fffc0000-0x00000000ffffffff] reserved
[    0.000000] NX (Execute Disable) protection: active
[    0.000000] SMBIOS 2.8 present.
[    0.000000] DMI: QEMU Standard PC (Q35 + ICH9, 2009), BIOS rel-1.15.0-0-g2dd4b9b3f840-prebuilt.qemu.org 04/01/2014
[    0.000000] tsc: Fast TSC calibration using PIT
[    0.000000] tsc: Detected 3609.491 MHz processor
[    0.006783] last_pfn = 0xffd8 max_arch_pfn = 0x400000000
[    0.007570] x86/PAT: Configuration [0-7]: WB  WC  UC- UC  WB  WP  UC- WT  
[    0.016142] found SMP MP-table at [mem 0x000f5b70-0x000f5b7f]
[    0.021697] ACPI: Early table checksum verification disabled
[    0.022124] ACPI: RSDP 0x00000000000F59A0 000014 (v00 BOCHS )
[    0.022467] ACPI: RSDT 0x000000000FFE2439 000038 (v01 BOCHS  BXPC     00000001 BXPC 00000001)
[    0.022989] ACPI: FACP 0x000000000FFE2219 0000F4 (v03 BOCHS  BXPC     00000001 BXPC 00000001)
[    0.023563] ACPI: DSDT 0x000000000FFE0040 0021D9 (v01 BOCHS  BXPC     00000001 BXPC 00000001)
[    0.023651] ACPI: FACS 0x000000000FFE0000 000040
[    0.023730] ACPI: APIC 0x000000000FFE230D 000090 (v01 BOCHS  BXPC     00000001 BXPC 00000001)
[    0.023760] ACPI: HPET 0x000000000FFE239D 000038 (v01 BOCHS  BXPC     00000001 BXPC 00000001)
[    0.023781] ACPI: MCFG 0x000000000FFE23D5 00003C (v01 BOCHS  BXPC     00000001 BXPC 00000001)
[    0.023800] ACPI: WAET 0x000000000FFE2411 000028 (v01 BOCHS  BXPC     00000001 BXPC 00000001)
[    0.023871] ACPI: Reserving FACP table memory at [mem 0xffe2219-0xffe230c]
[    0.023911] ACPI: Reserving DSDT table memory at [mem 0xffe0040-0xffe2218]
[    0.023922] ACPI: Reserving FACS table memory at [mem 0xffe0000-0xffe003f]
[    0.023931] ACPI: Reserving APIC table memory at [mem 0xffe230d-0xffe239c]
[    0.023936] ACPI: Reserving HPET table memory at [mem 0xffe239d-0xffe23d4]
[    0.023942] ACPI: Reserving MCFG table memory at [mem 0xffe23d5-0xffe2410]
[    0.023947] ACPI: Reserving WAET table memory at [mem 0xffe2411-0xffe2438]
[    0.026970] Zone ranges:
[    0.027020]   DMA      [mem 0x0000000000001000-0x0000000000ffffff]
[    0.027104]   DMA32    [mem 0x0000000001000000-0x000000000ffd7fff]
[    0.027119]   Normal   empty
[    0.027140] Movable zone start for each node
[    0.027174] Early memory node ranges
[    0.027200]   node   0: [mem 0x0000000000001000-0x000000000009efff]
[    0.027306]   node   0: [mem 0x0000000000100000-0x000000000ffd7fff]
[    0.027455] Initmem setup node 0 [mem 0x0000000000001000-0x000000000ffd7fff]
[    0.028984] On node 0, zone DMA: 1 pages in unavailable ranges
[    0.029196] On node 0, zone DMA: 97 pages in unavailable ranges
[    0.030646] On node 0, zone DMA32: 40 pages in unavailable ranges
[    0.031018] ACPI: PM-Timer IO Port: 0x608
[    0.031588] ACPI: LAPIC_NMI (acpi_id[0xff] dfl dfl lint[0x1])
[    0.031951] IOAPIC[0]: apic_id 0, version 32, address 0xfec00000, GSI 0-23
[    0.032084] ACPI: INT_SRC_OVR (bus 0 bus_irq 0 global_irq 2 dfl dfl)
[    0.032340] ACPI: INT_SRC_OVR (bus 0 bus_irq 5 global_irq 5 high level)
[    0.032377] ACPI: INT_SRC_OVR (bus 0 bus_irq 9 global_irq 9 high level)
[    0.032467] ACPI: INT_SRC_OVR (bus 0 bus_irq 10 global_irq 10 high level)
[    0.032479] ACPI: INT_SRC_OVR (bus 0 bus_irq 11 global_irq 11 high level)
[    0.032654] ACPI: Using ACPI (MADT) for SMP configuration information
[    0.032706] ACPI: HPET id: 0x8086a201 base: 0xfed00000
[    0.033054] smpboot: Allowing 4 CPUs, 0 hotplug CPUs
[    0.033776] [mem 0x10000000-0xafffffff] available for PCI devices
[    0.033824] Booting paravirtualized kernel on bare hardware
[    0.034126] clocksource: refined-jiffies: mask: 0xffffffff max_cycles: 0xffffffff, max_idle_ns: 1910969940391419 ns
[    0.034512] setup_percpu: NR_CPUS:64 nr_cpumask_bits:64 nr_cpu_ids:4 nr_node_ids:1
[    0.039311] percpu: Embedded 54 pages/cpu s182360 r8192 d30632 u524288
[    0.041605] Built 1 zonelists, mobility grouping on.  Total pages: 64216
[    0.041778] Kernel command line: root=/dev/vda rw  ip=dhcp console=ttyS0 console=ttyAMA0 console=ttyAMA1 oprofile.timer=1 tsc=reliable no_timer_check rcupdate.rcu_expedited=1 
[    0.075029] Dentry cache hash table entries: 32768 (order: 6, 262144 bytes, linear)
[    0.075319] Inode-cache hash table entries: 16384 (order: 5, 131072 bytes, linear)
[    0.080185] mem auto-init: stack:off, heap alloc:off, heap free:off
[    0.085035] Memory: 224520K/261592K available (16395K kernel code, 2131K rwdata, 3648K rodata, 1908K init, 1940K bss, 36812K reserved, 0K cma-reserved)
[    0.087813] SLUB: HWalign=64, Order=0-3, MinObjects=0, CPUs=4, Nodes=1
[    0.088667] Kernel/User page tables isolation: enabled
[    0.091631] ftrace: allocating 45714 entries in 179 pages
[    0.145056] ftrace: allocated 179 pages with 5 groups
[    0.153149] rcu: Preemptible hierarchical RCU implementation.
[    0.153212] rcu: 	RCU restricting CPUs from NR_CPUS=64 to nr_cpu_ids=4.
[    0.153296] 	All grace periods are expedited (rcu_expedited).
[    0.153322] 	Trampoline variant of Tasks RCU enabled.
[    0.153330] 	Rude variant of Tasks RCU enabled.
[    0.153339] 	Tracing variant of Tasks RCU enabled.
[    0.153420] rcu: RCU calculated value of scheduler-enlistment delay is 100 jiffies.
[    0.153448] rcu: Adjusting geometry for rcu_fanout_leaf=16, nr_cpu_ids=4
[    0.175703] NR_IRQS: 4352, nr_irqs: 456, preallocated irqs: 16
[    0.185612] kfence: initialized - using 2097152 bytes for 255 objects at 0x(____ptrval____)-0x(____ptrval____)
[    0.186332] random: crng init done
[    0.189911] Console: colour VGA+ 80x25
[    0.840215] printk: console [ttyS0] enabled
[    0.843785] ACPI: Core revision 20210730
[    0.851793] clocksource: hpet: mask: 0xffffffff max_cycles: 0xffffffff, max_idle_ns: 19112604467 ns
[    0.864935] APIC: Switch to symmetric I/O mode setup
[    0.873893] ..TIMER: vector=0x30 apic1=0 pin1=2 apic2=-1 pin2=-1
[    0.880561] clocksource: tsc-early: mask: 0xffffffffffffffff max_cycles: 0x340758b48eb, max_idle_ns: 440795248204 ns
[    0.892171] Calibrating delay loop (skipped), value calculated using timer frequency.. 7218.98 BogoMIPS (lpj=3609491)
[    0.896946] Last level iTLB entries: 4KB 0, 2MB 0, 4MB 0
[    0.897077] Last level dTLB entries: 4KB 0, 2MB 0, 4MB 0, 1GB 0
[    0.898269] Spectre V1 : Mitigation: usercopy/swapgs barriers and __user pointer sanitization
[    0.900241] Spectre V2 : Mitigation: Retpolines
[    0.901063] Spectre V2 : Spectre v2 / SpectreRSB: Filling RSB on context switch and VMEXIT
[    0.902126] Speculative Store Bypass: Vulnerable
[    0.903329] MDS: Vulnerable: Clear CPU buffers attempted, no microcode
[    0.904060] MMIO Stale Data: Unknown: No mitigations
[    0.905191] SRBDS: Unknown: Dependent on hypervisor status
[    0.906194] active return thunk: its_return_thunk
[    0.908049] ITS: Mitigation: Aligned branch/return thunks
[    0.911518] x86/fpu: Supporting XSAVE feature 0x001: 'x87 floating point registers'
[    0.913289] x86/fpu: Supporting XSAVE feature 0x002: 'SSE registers'
[    0.915202] x86/fpu: Enabled xstate features 0x3, context size is 576 bytes, using 'standard' format.
[    1.001919] Freeing SMP alternatives memory: 52K
[    1.004262] pid_max: default: 32768 minimum: 301
[    1.008934] LSM: Security Framework initializing
[    1.011265] landlock: Up and running.
[    1.016305] Mount-cache hash table entries: 512 (order: 0, 4096 bytes, linear)
[    1.017102] Mountpoint-cache hash table entries: 512 (order: 0, 4096 bytes, linear)
[    1.148025] smpboot: CPU0: Intel Xeon E3-12xx v2 (Ivy Bridge) (family: 0x6, model: 0x3a, stepping: 0x9)
[    1.158042] Performance Events: unsupported p6 CPU model 58 no PMU driver, software events only.
[    1.160397] signal: max sigframe size: 1520
[    1.162084] rcu: Hierarchical SRCU implementation.
[    1.168831] smp: Bringing up secondary CPUs ...
[    1.173972] x86: Booting SMP configuration:
[    1.174169] .... node  #0, CPUs:      #1 #2 #3
[    1.188282] smp: Brought up 1 node, 4 CPUs
[    1.191671] smpboot: Max logical packages: 1
[    1.192452] smpboot: Total of 4 processors activated (28875.92 BogoMIPS)
[    1.205089] devtmpfs: initialized
[    1.212395] clocksource: jiffies: mask: 0xffffffff max_cycles: 0xffffffff, max_idle_ns: 1911260446275000 ns
[    1.214393] futex hash table entries: 1024 (order: 4, 65536 bytes, linear)
[    1.217703] pinctrl core: initialized pinctrl subsystem
[    1.228155] NET: Registered PF_NETLINK/PF_ROUTE protocol family
[    1.235503] thermal_sys: Registered thermal governor 'step_wise'
[    1.235547] thermal_sys: Registered thermal governor 'user_space'
[    1.238217] cpuidle: using governor menu
[    1.240926] ACPI: bus type PCI registered
[    1.243484] PCI: MMCONFIG for domain 0000 [bus 00-ff] at [mem 0xb0000000-0xbfffffff] (base 0xb0000000)
[    1.246460] PCI: MMCONFIG at [mem 0xb0000000-0xbfffffff] reserved in E820
[    1.249849] PCI: Using configuration type 1 for base access
[    1.252820] mtrr: your CPUs had inconsistent fixed MTRR settings
[    1.254063] mtrr: your CPUs had inconsistent variable MTRR settings
[    1.254063] mtrr: your CPUs had inconsistent MTRRdefType settings
[    1.255038] mtrr: probably your BIOS does not setup all CPUs.
[    1.257038] mtrr: corrected configuration.
[    1.271752] kprobes: kprobe jump-optimization is enabled. All kprobes are optimized if possible.
[    1.310239] raid6: sse2x4   gen()  1180 MB/s
[    1.328245] raid6: sse2x4   xor()   739 MB/s
[    1.346165] raid6: sse2x2   gen()  1297 MB/s
[    1.365194] raid6: sse2x2   xor()   618 MB/s
[    1.382225] raid6: sse2x1   gen()  1095 MB/s
[    1.399209] raid6: sse2x1   xor()   528 MB/s
[    1.400054] raid6: using algorithm sse2x2 gen() 1297 MB/s
[    1.401041] raid6: .... xor() 618 MB/s, rmw enabled
[    1.403171] raid6: using ssse3x2 recovery algorithm
[    1.405625] ACPI: Added _OSI(Module Device)
[    1.408092] ACPI: Added _OSI(Processor Device)
[    1.409025] ACPI: Added _OSI(Processor Aggregator Device)
[    1.411182] ACPI: Added _OSI(Linux-Dell-Video)
[    1.413067] ACPI: Added _OSI(Linux-Lenovo-NV-HDMI-Audio)
[    1.414025] ACPI: Added _OSI(Linux-HPI-Hybrid-Graphics)
[    1.430768] ACPI: 1 ACPI AML tables successfully acquired and loaded
[    1.448795] ACPI: Interpreter enabled
[    1.449834] ACPI: PM: (supports S0 S3 S5)
[    1.452131] ACPI: Using IOAPIC for interrupt routing
[    1.454145] PCI: Using host bridge windows from ACPI; if necessary, use "pci=nocrs" and report a bug
[    1.456640] ACPI: Enabled 2 GPEs in block 00 to 3F
[    1.480930] ACPI: PCI Root Bridge [PCI0] (domain 0000 [bus 00-ff])
[    1.483323] acpi PNP0A08:00: _OSC: OS supports [ExtendedConfig ASPM ClockPM Segments MSI HPX-Type3]
[    1.487380] acpi PNP0A08:00: _OSC: platform does not support [LTR]
[    1.488455] acpi PNP0A08:00: _OSC: OS now controls [PME PCIeCapability]
[    1.494230] PCI host bridge to bus 0000:00
[    1.495198] pci_bus 0000:00: root bus resource [io  0x0000-0x0cf7 window]
[    1.497093] pci_bus 0000:00: root bus resource [io  0x0d00-0xffff window]
[    1.497093] pci_bus 0000:00: root bus resource [mem 0x000a0000-0x000bffff window]
[    1.498025] pci_bus 0000:00: root bus resource [mem 0x10000000-0xafffffff window]
[    1.499062] pci_bus 0000:00: root bus resource [mem 0xc0000000-0xfebfffff window]
[    1.500025] pci_bus 0000:00: root bus resource [mem 0x100000000-0x8ffffffff window]
[    1.502138] pci_bus 0000:00: root bus resource [bus 00-ff]
[    1.504390] pci 0000:00:00.0: [8086:29c0] type 00 class 0x060000
[    1.510129] pci 0000:00:01.0: [1234:1111] type 00 class 0x030000
[    1.514194] pci 0000:00:01.0: reg 0x10: [mem 0xfd000000-0xfdffffff pref]
[    1.518025] pci 0000:00:01.0: reg 0x18: [mem 0xfebd0000-0xfebd0fff]
[    1.525054] pci 0000:00:01.0: reg 0x30: [mem 0xfebc0000-0xfebcffff pref]
[    1.527384] pci 0000:00:01.0: Video device with shadowed ROM at [mem 0x000c0000-0x000dffff]
[    1.529069] pci 0000:00:02.0: [1af4:1000] type 00 class 0x020000
[    1.531025] pci 0000:00:02.0: reg 0x10: [io  0xc0c0-0xc0df]
[    1.533542] pci 0000:00:02.0: reg 0x14: [mem 0xfebd1000-0xfebd1fff]
[    1.538743] pci 0000:00:02.0: reg 0x20: [mem 0xfe000000-0xfe003fff 64bit pref]
[    1.541520] pci 0000:00:02.0: reg 0x30: [mem 0xfeb80000-0xfebbffff pref]
[    1.543836] pci 0000:00:03.0: [1af4:1005] type 00 class 0x00ff00
[    1.544876] pci 0000:00:03.0: reg 0x10: [io  0xc0e0-0xc0ff]
[    1.551062] pci 0000:00:03.0: reg 0x20: [mem 0xfe004000-0xfe007fff 64bit pref]
[    1.554316] pci 0000:00:04.0: [1af4:1001] type 00 class 0x010000
[    1.555952] pci 0000:00:04.0: reg 0x10: [io  0xc000-0xc07f]
[    1.558055] pci 0000:00:04.0: reg 0x14: [mem 0xfebd2000-0xfebd2fff]
[    1.562452] pci 0000:00:04.0: reg 0x20: [mem 0xfe008000-0xfe00bfff 64bit pref]
[    1.566615] pci 0000:00:1d.0: [8086:2934] type 00 class 0x0c0300
[    1.570667] pci 0000:00:1d.0: reg 0x20: [io  0xc100-0xc11f]
[    1.574839] pci 0000:00:1d.1: [8086:2935] type 00 class 0x0c0300
[    1.579046] pci 0000:00:1d.1: reg 0x20: [io  0xc120-0xc13f]
[    1.581646] pci 0000:00:1d.2: [8086:2936] type 00 class 0x0c0300
[    1.585456] pci 0000:00:1d.2: reg 0x20: [io  0xc140-0xc15f]
[    1.588630] pci 0000:00:1d.7: [8086:293a] type 00 class 0x0c0320
[    1.590263] pci 0000:00:1d.7: reg 0x10: [mem 0xfebd3000-0xfebd3fff]
[    1.594620] pci 0000:00:1f.0: [8086:2918] type 00 class 0x060100
[    1.597444] pci 0000:00:1f.0: quirk: [io  0x0600-0x067f] claimed by ICH6 ACPI/GPIO/TCO
[    1.599324] pci 0000:00:1f.2: [8086:2922] type 00 class 0x010601
[    1.604025] pci 0000:00:1f.2: reg 0x20: [io  0xc160-0xc17f]
[    1.607413] pci 0000:00:1f.2: reg 0x24: [mem 0xfebd4000-0xfebd4fff]
[    1.610478] pci 0000:00:1f.3: [8086:2930] type 00 class 0x0c0500
[    1.616037] pci 0000:00:1f.3: reg 0x20: [io  0x0700-0x073f]
[    1.624394] ACPI: PCI: Interrupt link LNKA configured for IRQ 10
[    1.627298] ACPI: PCI: Interrupt link LNKB configured for IRQ 10
[    1.628109] ACPI: PCI: Interrupt link LNKC configured for IRQ 11
[    1.629592] ACPI: PCI: Interrupt link LNKD configured for IRQ 11
[    1.632422] ACPI: PCI: Interrupt link LNKE configured for IRQ 10
[    1.633578] ACPI: PCI: Interrupt link LNKF configured for IRQ 10
[    1.637514] ACPI: PCI: Interrupt link LNKG configured for IRQ 11
[    1.639883] ACPI: PCI: Interrupt link LNKH configured for IRQ 11
[    1.642443] ACPI: PCI: Interrupt link GSIA configured for IRQ 16
[    1.645221] ACPI: PCI: Interrupt link GSIB configured for IRQ 17
[    1.647184] ACPI: PCI: Interrupt link GSIC configured for IRQ 18
[    1.648157] ACPI: PCI: Interrupt link GSID configured for IRQ 19
[    1.650196] ACPI: PCI: Interrupt link GSIE configured for IRQ 20
[    1.652060] ACPI: PCI: Interrupt link GSIF configured for IRQ 21
[    1.653177] ACPI: PCI: Interrupt link GSIG configured for IRQ 22
[    1.655209] ACPI: PCI: Interrupt link GSIH configured for IRQ 23
[    1.661679] pci 0000:00:01.0: vgaarb: setting as boot VGA device
[    1.662025] pci 0000:00:01.0: vgaarb: VGA device added: decodes=io+mem,owns=io+mem,locks=none
[    1.664112] pci 0000:00:01.0: vgaarb: bridge control possible
[    1.666170] vgaarb: loaded
[    1.669587] SCSI subsystem initialized
[    1.672615] ACPI: bus type USB registered
[    1.674373] usbcore: registered new interface driver usbfs
[    1.677434] usbcore: registered new interface driver hub
[    1.678286] usbcore: registered new device driver usb
[    1.679454] pps_core: LinuxPPS API ver. 1 registered
[    1.681042] pps_core: Software ver. 5.3.6 - Copyright 2005-2007 Rodolfo Giometti <giometti@linux.it>
[    1.682174] PTP clock support registered
[    1.692581] Bluetooth: Core ver 2.22
[    1.693296] NET: Registered PF_BLUETOOTH protocol family
[    1.695095] Bluetooth: HCI device and connection manager initialized
[    1.695238] Bluetooth: HCI socket layer initialized
[    1.697288] Bluetooth: L2CAP socket layer initialized
[    1.701252] Bluetooth: SCO socket layer initialized
[    1.703228] PCI: Using ACPI for IRQ routing
[    1.707373] hpet0: at MMIO 0xfed00000, IRQs 2, 8, 0
[    1.708048] hpet0: 3 comparators, 64-bit 100.000000 MHz counter
[    1.715924] clocksource: Switched to clocksource tsc-early
[    1.790628] pnp: PnP ACPI init
[    1.807653] system 00:06: [mem 0xb0000000-0xbfffffff window] has been reserved
[    1.821743] pnp: PnP ACPI: found 7 devices
[    1.855943] clocksource: acpi_pm: mask: 0xffffff max_cycles: 0xffffff, max_idle_ns: 2085701024 ns
[    1.872738] NET: Registered PF_INET protocol family
[    1.882018] IP idents hash table entries: 4096 (order: 3, 32768 bytes, linear)
[    1.902384] tcp_listen_portaddr_hash hash table entries: 256 (order: 0, 4096 bytes, linear)
[    1.916280] Table-perturb hash table entries: 65536 (order: 6, 262144 bytes, linear)
[    1.930511] TCP established hash table entries: 2048 (order: 2, 16384 bytes, linear)
[    1.942361] TCP bind hash table entries: 2048 (order: 3, 32768 bytes, linear)
[    1.953550] TCP: Hash tables configured (established 2048 bind 2048)
[    1.965302] UDP hash table entries: 256 (order: 1, 8192 bytes, linear)
[    1.976970] UDP-Lite hash table entries: 256 (order: 1, 8192 bytes, linear)
[    1.989758] NET: Registered PF_UNIX/PF_LOCAL protocol family
[    2.003785] RPC: Registered named UNIX socket transport module.
[    2.014319] RPC: Registered udp transport module.
[    2.022338] RPC: Registered tcp transport module.
[    2.030170] RPC: Registered tcp NFSv4.1 backchannel transport module.
[    2.041067] pci_bus 0000:00: resource 4 [io  0x0000-0x0cf7 window]
[    2.051235] pci_bus 0000:00: resource 5 [io  0x0d00-0xffff window]
[    2.052191] pci_bus 0000:00: resource 6 [mem 0x000a0000-0x000bffff window]
[    2.071793] pci_bus 0000:00: resource 7 [mem 0x10000000-0xafffffff window]
[    2.072659] pci_bus 0000:00: resource 8 [mem 0xc0000000-0xfebfffff window]
[    2.093413] pci_bus 0000:00: resource 9 [mem 0x100000000-0x8ffffffff window]
[    2.113306] ACPI: \_SB_.GSIA: Enabled at IRQ 16
[    2.125619] pci 0000:00:1d.0: quirk_usb_early_handoff+0x0/0x6f0 took 16119 usecs
[    2.138695] ACPI: \_SB_.GSIB: Enabled at IRQ 17
[    2.148472] pci 0000:00:1d.1: quirk_usb_early_handoff+0x0/0x6f0 took 11310 usecs
[    2.162102] ACPI: \_SB_.GSIC: Enabled at IRQ 18
[    2.171279] pci 0000:00:1d.2: quirk_usb_early_handoff+0x0/0x6f0 took 10542 usecs
[    2.184297] ACPI: \_SB_.GSID: Enabled at IRQ 19
[    2.194343] pci 0000:00:1d.7: quirk_usb_early_handoff+0x0/0x6f0 took 11145 usecs
[    2.205588] PCI: CLS 0 bytes, default 64
[    2.213962] RAPL PMU: API unit is 2^-32 Joules, 0 fixed counters, 10737418240 ms ovfl timer
[    2.236673] Initialise system trusted keyrings
[    2.245478] workingset: timestamp_bits=46 max_order=16 bucket_order=0
[    2.265468] NFS: Registering the id_resolver key type
[    2.273443] Key type id_resolver registered
[    2.279839] Key type id_legacy registered
[    2.289030] Key type cifs.idmap registered
[    2.311909] xor: measuring software checksum speed
[    2.320350]    prefetch64-sse  :  2625 MB/sec
[    2.327989]    generic_sse     :  2942 MB/sec
[    2.336176] xor: using function: generic_sse (2942 MB/sec)
[    2.354436] Key type asymmetric registered
[    2.361019] Asymmetric key parser 'x509' registered
[    2.369492] Block layer SCSI generic (bsg) driver version 0.4 loaded (major 250)
[    2.382275] io scheduler mq-deadline registered
[    2.388823] io scheduler kyber registered
[    2.397990] input: Power Button as /devices/LNXSYSTM:00/LNXPWRBN:00/input/input0
[    2.412316] ACPI: button: Power Button [PWRF]
[    2.422248] ACPI: \_SB_.GSIG: Enabled at IRQ 22
[    2.433615] ACPI: \_SB_.GSIH: Enabled at IRQ 23
[    2.442617] ACPI: \_SB_.GSIE: Enabled at IRQ 20
[    2.451379] Serial: 8250/16550 driver, 4 ports, IRQ sharing disabled
[    2.462944] 00:03: ttyS1 at I/O 0x2f8 (irq = 3, base_baud = 115200) is a 16550A
[    2.474610] 00:04: ttyS0 at I/O 0x3f8 (irq = 4, base_baud = 115200) is a 16550A
[    2.494965] Linux agpgart interface v0.103
[    2.503089] bochs-drm 0000:00:01.0: vgaarb: deactivate vga console
[    2.512307] Console: switching to colour dummy device 80x25
[    2.522866] [drm] Found bochs VGA, ID 0xb0c5.
[    2.529076] [drm] Framebuffer size 16384 kB @ 0xfd000000, mmio @ 0xfebd0000.
[    2.542876] [drm] Found EDID data blob.
[    2.552864] [drm] Initialized bochs-drm 1.0.0 20130925 for 0000:00:01.0 on minor 0
[    2.581502] fbcon: bochs-drmdrmfb (fb0) is primary device
[    2.606750] Console: switching to colour frame buffer device 128x48
[    2.630698] bochs-drm 0000:00:01.0: [drm] fb0: bochs-drmdrmfb frame buffer device
[    2.670078] brd: module loaded
[    2.690121] loop: module loaded
[    2.715111] virtio_blk virtio2: [vda] 2355146 512-byte logical blocks (1.21 GB/1.12 GiB)
[    2.739850] ahci 0000:00:1f.2: AHCI 0001.0000 32 slots 6 ports 1.5 Gbps 0x3f impl SATA mode
[    2.751905] ahci 0000:00:1f.2: flags: 64bit ncq only 
[    2.766782] scsi host0: ahci
[    2.774892] scsi host1: ahci
[    2.780925] scsi host2: ahci
[    2.789443] scsi host3: ahci
[    2.805360] scsi host4: ahci
[    2.832364] scsi host5: ahci
[    2.837605] ata1: SATA max UDMA/133 abar m4096@0xfebd4000 port 0xfebd4100 irq 29
[    2.848489] ata2: SATA max UDMA/133 abar m4096@0xfebd4000 port 0xfebd4180 irq 29
[    2.858579] ata3: SATA max UDMA/133 abar m4096@0xfebd4000 port 0xfebd4200 irq 29
[    2.883661] ata4: SATA max UDMA/133 abar m4096@0xfebd4000 port 0xfebd4280 irq 29
[    2.894412] ata5: SATA max UDMA/133 abar m4096@0xfebd4000 port 0xfebd4300 irq 29
[    2.904253] ata6: SATA max UDMA/133 abar m4096@0xfebd4000 port 0xfebd4380 irq 29
[    2.920942] e100: Intel(R) PRO/100 Network Driver
[    2.927982] e100: Copyright(c) 1999-2006 Intel Corporation
[    2.936037] e1000: Intel(R) PRO/1000 Network Driver
[    2.945264] e1000: Copyright (c) 1999-2006 Intel Corporation.
[    2.953370] e1000e: Intel(R) PRO/1000 Network Driver
[    2.960850] e1000e: Copyright(c) 1999 - 2015 Intel Corporation.
[    2.970035] igb: Intel(R) Gigabit Ethernet Network Driver
[    2.978119] igb: Copyright (c) 2007-2014 Intel Corporation.
[    2.986283] ehci_hcd: USB 2.0 'Enhanced' Host Controller (EHCI) Driver
[    2.996397] ehci-pci: EHCI PCI platform driver
[    3.006721] ehci-pci 0000:00:1d.7: EHCI Host Controller
[    3.014954] ehci-pci 0000:00:1d.7: new USB bus registered, assigned bus number 1
[    3.027678] ehci-pci 0000:00:1d.7: irq 19, io mem 0xfebd3000
[    3.053600] ehci-pci 0000:00:1d.7: USB 2.0 started, EHCI 1.00
[    3.069555] hub 1-0:1.0: USB hub found
[    3.075495] hub 1-0:1.0: 6 ports detected
[    3.084319] ohci_hcd: USB 1.1 'Open' Host Controller (OHCI) Driver
[    3.093801] ohci-pci: OHCI PCI platform driver
[    3.100702] uhci_hcd: USB Universal Host Controller Interface driver
[    3.112202] uhci_hcd 0000:00:1d.0: UHCI Host Controller
[    3.120039] uhci_hcd 0000:00:1d.0: new USB bus registered, assigned bus number 2
[    3.131707] uhci_hcd 0000:00:1d.0: irq 16, io base 0x0000c100
[    3.141774] hub 2-0:1.0: USB hub found
[    3.148067] hub 2-0:1.0: 2 ports detected
[    3.159499] uhci_hcd 0000:00:1d.1: UHCI Host Controller
[    3.168929] uhci_hcd 0000:00:1d.1: new USB bus registered, assigned bus number 3
[    3.180705] uhci_hcd 0000:00:1d.1: irq 17, io base 0x0000c120
[    3.191753] hub 3-0:1.0: USB hub found
[    3.198692] hub 3-0:1.0: 2 ports detected
[    3.208053] uhci_hcd 0000:00:1d.2: UHCI Host Controller
[    3.216333] uhci_hcd 0000:00:1d.2: new USB bus registered, assigned bus number 4
[    3.227752] uhci_hcd 0000:00:1d.2: irq 18, io base 0x0000c140
[    3.237820] ata1: SATA link down (SStatus 0 SControl 300)
[    3.246482] ata2: SATA link down (SStatus 0 SControl 300)
[    3.255061] ata3: SATA link up 1.5 Gbps (SStatus 113 SControl 300)
[    3.265524] hub 4-0:1.0: USB hub found
[    3.275125] ata4: SATA link down (SStatus 0 SControl 300)
[    3.275357] hub 4-0:1.0: 2 ports detected
[    3.289589] tsc: Refined TSC clocksource calibration: 3609.531 MHz
[    3.299145] ata3.00: ATAPI: QEMU DVD-ROM, 2.5+, max UDMA/100
[    3.308449] clocksource: tsc: mask: 0xffffffffffffffff max_cycles: 0x34077f097d5, max_idle_ns: 440795301962 ns
[    3.300184] usbcore: registered new interface driver usb-storage
[    3.323030] ata3.00: applying bridge limits
[    3.332480] usbcore: registered new interface driver usbserial_generic
[    3.348435] clocksource: Switched to clocksource tsc
[    3.348753] usbserial: USB Serial support registered for generic
[    3.356512] usb 1-1: new high-speed USB device number 2 using ehci-pci
[    3.365087] usbcore: registered new interface driver ftdi_sio
[    3.385004] usbserial: USB Serial support registered for FTDI USB Serial Device
[    3.386055] ata5: SATA link down (SStatus 0 SControl 300)
[    3.402792] ata6: SATA link down (SStatus 0 SControl 300)
[    3.410532] usbcore: registered new interface driver pl2303
[    3.410590] ata3.00: configured for UDMA/100
[    3.418772] usbserial: USB Serial support registered for pl2303
[    3.435009] i8042: PNP: PS/2 Controller [PNP0303:KBD,PNP0f13:MOU] at 0x60,0x64 irq 1,12
[    3.448530] scsi 2:0:0:0: CD-ROM            QEMU     QEMU DVD-ROM     2.5+ PQ: 0 ANSI: 5
[    3.462506] serio: i8042 KBD port at 0x60,0x64 irq 1
[    3.470766] serio: i8042 AUX port at 0x60,0x64 irq 12
[    3.478868] mousedev: PS/2 mouse device common for all mice
[    3.489598] rtc_cmos 00:05: RTC can wake from S4
[    3.496505] input: AT Translated Set 2 keyboard as /devices/platform/i8042/serio0/input/input1
[    3.522732] rtc_cmos 00:05: registered as rtc0
[    3.529902] sr 2:0:0:0: [sr0] scsi3-mmc drive: 4x/4x cd/rw xa/form2 tray
[    3.530167] rtc_cmos 00:05: setting system clock to 2026-05-31T23:31:07 UTC (1780270267)
[    3.539682] cdrom: Uniform CD-ROM driver Revision: 3.20
[    3.559883] rtc_cmos 00:05: alarms up to one day, y3k, 242 bytes nvram, hpet irqs
[    3.572907] i801_smbus 0000:00:1f.3: SMBus using PCI interrupt
[    3.583945] i2c i2c-0: 1/1 memory slots populated (from DMI)
[    3.592767] i2c i2c-0: Memory type 0x07 not supported yet, not instantiating SPD
[    3.608213] device-mapper: ioctl: 4.45.0-ioctl (2021-03-22) initialised: dm-devel@redhat.com
[    3.622570] intel_pstate: CPU model not supported
[    3.631315] sdhci: Secure Digital Host Controller Interface driver
[    3.641368] sdhci: Copyright(c) Pierre Ossman
[    3.653942] sdhci-pltfm: SDHCI platform and OF driver helper
[    3.669128] usbcore: registered new interface driver usbhid
[    3.679317] usbhid: USB HID core driver
[    3.685540] u32 classifier
[    3.690022]     input device check on
[    3.695554]     Actions configured
[    3.701632] NET: Registered PF_INET6 protocol family
[    3.716251] Segment Routing with IPv6
[    3.717156] input: QEMU QEMU USB Tablet as /devices/pci0000:00/0000:00:1d.7/usb1/1-1/1-1:1.0/0003:0627:0001.0001/input/input4
[    3.739599] In-situ OAM (IOAM) with IPv6
[    3.745877] sit: IPv6, IPv4 and MPLS over IPv4 tunneling driver
[    3.746087] hid-generic 0003:0627:0001.0001: input: USB HID v0.01 Mouse [QEMU QEMU USB Tablet] on usb-0000:00:1d.7-1/input0
[    3.754862] NET: Registered PF_PACKET protocol family
[    3.777775] Bridge firewalling registered
[    3.784640] Key type dns_resolver registered
[    3.791092] NET: Registered PF_VSOCK protocol family
[    3.800890] IPI shorthand broadcast: enabled
[    3.807612] sched_clock: Marking stable (3105007079, 702134403)->(5083557142, -1276415660)
[    3.822792] Loading compiled-in X.509 certificates
[    3.831048] Key type .fscrypt registered
[    3.848576] Key type fscrypt-provisioning registered
[    3.859782] Btrfs loaded, crc32c=crc32c-generic, zoned=no, fsverity=no
[    3.885503] Key type encrypted registered
[    3.894088] printk: console [netcon0] enabled
[    3.900592] netconsole: network logging started
[    4.196786] input: ImExPS/2 Generic Explorer Mouse as /devices/platform/i8042/serio1/input/input3
[    4.239376] Sending DHCP requests ., OK
[    4.251323] IP-Config: Got DHCP answer from 10.0.2.2, my address is 10.0.2.15
[    4.261270] IP-Config: Complete:
[    4.266203]      device=eth0, hwaddr=52:54:00:12:35:02, ipaddr=10.0.2.15, mask=255.255.255.0, gw=10.0.2.2
[    4.279272]      host=10.0.2.15, domain=, nis-domain=(none)
[    4.286034]      bootserver=10.0.2.2, rootserver=10.0.2.2, rootpath=
[    4.286096]      nameserver0=10.0.2.3
[    4.303114] clk: Disabling unused clocks
[    4.313866] md: Waiting for all devices to be available before autodetect
[    4.324611] md: If you don't use raid, use raid=noautodetect
[    4.332667] md: Autodetecting RAID arrays.
[    4.339386] md: autorun ...
[    4.343624] md: ... autorun DONE.
[    4.383277] EXT4-fs (vda): mounted filesystem with ordered data mode. Opts: (null). Quota mode: disabled.
[    4.400490] VFS: Mounted root (ext4 filesystem) on device 253:0.
[    4.412027] devtmpfs: mounted
[    4.596489] Freeing unused kernel image (initmem) memory: 1908K
[    4.603266] Write protecting the kernel read-only data: 22528k
[    4.612657] Freeing unused kernel image (text/rodata gap) memory: 2036K
[    4.620629] Freeing unused kernel image (rodata/data gap) memory: 448K
[    4.627927] Run /sbin/init as init process
INIT: version 3.01 booting
Starting udev
[    5.814246] udevd[158]: starting version 3.2.10
[    5.898855] udevd[159]: starting eudev-3.2.10
[    6.622700] EXT4-fs (vda): re-mounted. Opts: (null). Quota mode: disabled.
INIT: Entering runlevel: 5
Configuring network interfaces... ip: RTNETLINK answers: File exists
Starting OpenBSD Secure Shell server: sshd
  generating ssh RSA host key...
  generating ssh ECDSA host key...
  generating ssh ED25519 host key...
done.
Starting syslogd/klogd: done

Poky (Yocto Project Reference Distro) 4.0.35 qemux86-64 /dev/ttyS0

qemux86-64 login: runqemu - INFO - Cleaning up
runqemu - INFO - Host uptime: 6331.79

[?7h